md_ft_gl,nphi_pct,rhob_gcc,cali_in,gr_api
6420.0,27.947,1.618,7.643,24.980
6422.0,25.485,1.654,7.637,16.936
6424.0,24.099,1.633,7.635,21.169
6426.0,24.774,1.686,7.621,33.448
6428.0,24.267,1.750,7.612,19.688
6430.0,24.566,2.630,7.593,9.950
6432.0,27.701,3.058,7.590,18.629
6434.0,17.502,2.107,7.636,23.710
6436.0,20.648,2.057,8.329,25.403
6438.0,9.626,2.406,8.102,25.615
6440.0,10.576,2.716,7.910,29.637
6442.0,9.789,2.710,7.805,43.185
6444.0,9.953,2.687,7.719,38.317
6446.0,10.234,2.629,7.728,45.303
6448.0,9.323,2.604,7.762,42.339
6450.0,9.603,2.626,7.756,39.375
6452.0,9.175,2.658,7.707,25.403
6454.0,8.451,2.690,7.719,34.718
6456.0,9.268,2.735,7.731,28.579
6458.0,9.906,2.716,7.706,26.885
6460.0,9.532,2.688,7.743,33.236
6462.0,9.071,2.696,7.705,30.696
6464.0,8.933,2.703,7.705,37.470
6466.0,8.795,2.742,7.678,39.163
6468.0,8.569,2.725,7.697,28.367
6470.0,8.645,2.714,7.711,30.484
6472.0,9.119,2.693,7.725,27.732
6474.0,10.999,2.704,7.745,34.294
6476.0,15.290,2.713,7.766,16.512
6478.0,16.491,2.708,7.776,13.548
6480.0,13.149,2.688,7.731,22.228
6482.0,11.380,2.663,7.725,15.877
6484.0,12.239,2.683,7.756,20.323
6486.0,12.584,2.667,7.799,29.637
6488.0,10.819,2.659,7.908,23.921
6490.0,8.906,2.651,7.900,24.768
6492.0,10.642,2.700,7.760,31.754
6494.0,11.370,2.640,7.761,28.579
6496.0,12.753,2.667,7.968,23.075
6498.0,11.125,2.691,8.029,28.367
6500.0,11.376,2.694,7.881,34.083
6502.0,11.064,2.664,7.933,32.601
6504.0,10.645,2.651,7.889,37.258
6506.0,11.659,2.654,7.799,34.929
6508.0,12.801,2.635,7.794,22.016
6510.0,13.647,2.640,7.902,23.286
6512.0,14.379,2.458,8.033,19.476
6514.0,14.345,2.648,8.307,17.994
6516.0,11.173,2.646,8.274,19.264
6518.0,9.898,2.650,8.020,13.548
6520.0,10.533,2.617,7.793,11.855
6522.0,11.145,2.607,7.780,20.323
6524.0,15.352,2.528,7.803,16.089
6526.0,14.044,2.596,7.859,27.520
6528.0,11.571,2.618,8.018,16.936
6530.0,10.216,2.658,7.934,27.944
6532.0,10.587,2.540,7.897,21.805
6534.0,12.107,2.342,7.973,22.016
6536.0,15.132,2.434,8.319,18.629
6538.0,12.111,2.616,7.979,21.381
6540.0,9.756,2.592,7.852,17.571
6542.0,12.451,2.361,7.816,26.673
6544.0,11.973,2.643,8.140,30.272
6546.0,11.512,2.625,8.013,28.579
6548.0,10.187,2.594,7.819,30.484
6550.0,11.542,2.547,7.777,25.615
6552.0,10.939,2.623,7.822,27.097
6554.0,11.919,2.682,7.881,28.579
6556.0,12.749,2.642,7.821,21.169
6558.0,10.425,2.719,7.838,17.147
6560.0,9.260,2.708,7.741,25.615
6562.0,7.855,2.714,7.674,23.286
6564.0,10.452,2.695,7.674,29.214
6566.0,12.765,2.686,7.674,37.681
6568.0,14.555,2.695,7.742,26.250
6570.0,11.466,2.667,7.834,24.980
6572.0,10.032,2.567,7.923,34.294
6574.0,9.123,2.624,7.809,38.105
6576.0,9.734,2.636,7.670,51.442
6578.0,11.748,2.611,7.666,52.923
6580.0,12.530,2.622,7.675,35.141
6582.0,12.030,2.614,7.686,43.185
6584.0,11.091,2.613,7.692,51.653
6586.0,11.745,2.630,7.693,27.944
6588.0,11.109,2.639,7.698,48.266
6590.0,7.962,2.609,7.691,71.341
6592.0,11.287,2.684,7.683,61.179
6594.0,13.369,2.701,7.685,40.434
6596.0,10.117,2.614,7.712,29.849
6598.0,11.989,2.607,7.697,19.264
6600.0,12.931,2.611,7.719,11.855
6602.0,12.790,2.575,7.725,14.395
6604.0,12.918,2.542,7.728,10.796
6606.0,11.979,2.556,7.694,16.936
6608.0,10.526,2.569,7.691,23.498
6610.0,15.357,2.596,7.688,11.431
6612.0,13.245,2.568,7.697,11.220
6614.0,13.588,2.517,7.695,9.103
6616.0,14.006,2.525,7.699,13.760
6618.0,13.361,2.579,7.702,15.877
6620.0,11.290,2.587,7.705,21.593
6622.0,10.392,2.627,7.689,16.089
6624.0,15.287,2.585,7.685,11.855
6626.0,14.333,2.638,7.690,14.395
6628.0,13.700,2.652,7.714,27.308
6630.0,13.868,2.645,7.717,13.972
6632.0,13.579,2.620,7.715,19.476
6634.0,15.551,2.614,7.711,21.169
6636.0,14.658,2.695,7.711,17.782
6638.0,13.127,2.670,7.729,13.125
6640.0,12.025,2.708,7.699,34.083
6642.0,12.470,2.706,7.688,24.345
6644.0,14.115,2.699,7.689,22.439
6646.0,12.392,2.720,7.690,14.395
6648.0,12.028,2.719,7.702,22.228
6650.0,14.097,2.700,7.774,23.498
6652.0,13.766,2.672,7.783,35.141
6654.0,12.070,2.679,7.703,15.665
6656.0,9.786,2.707,7.704,19.688
6658.0,11.241,2.730,7.683,20.746
6660.0,12.931,2.699,7.706,9.950
6662.0,14.653,2.712,7.736,8.891
6664.0,14.375,2.737,7.771,14.395
6666.0,11.044,2.745,7.834,12.913
6668.0,10.988,2.690,7.788,26.673
6670.0,11.097,2.663,7.700,29.637
6672.0,10.239,2.697,7.724,27.944
6674.0,9.788,2.668,7.813,33.024
6676.0,12.880,2.654,7.720,20.958
6678.0,13.331,2.666,7.684,24.768
6680.0,15.746,2.703,7.688,31.966
6682.0,15.748,2.616,7.689,34.294
6684.0,17.420,2.626,7.719,34.929
6686.0,15.630,2.621,7.701,19.688
6688.0,12.723,2.629,7.691,25.827
6690.0,14.709,2.605,7.690,21.805
6692.0,17.628,2.635,7.706,13.548
6694.0,14.658,2.619,7.753,24.980
6696.0,12.826,2.605,7.773,18.417
6698.0,13.302,2.631,7.694,13.972
6700.0,13.636,2.640,7.695,15.454
6702.0,12.206,2.646,7.694,22.439
6704.0,12.572,2.628,7.699,17.782
6706.0,12.519,2.630,7.707,13.337
6708.0,12.230,2.707,7.719,14.819
6710.0,12.585,2.698,7.695,13.760
6712.0,11.107,2.688,7.680,17.782
6714.0,11.198,2.680,7.681,12.490
6716.0,11.832,2.699,7.689,15.454
6718.0,9.985,2.741,7.682,15.242
6720.0,9.869,2.676,7.679,17.782
6722.0,9.630,2.665,7.674,27.732
6724.0,9.950,2.652,7.681,30.061
6726.0,9.218,2.676,7.692,20.323
6728.0,9.880,2.667,7.703,16.936
6730.0,11.594,2.677,7.688,21.169
6732.0,13.826,2.700,7.686,18.629
6734.0,11.810,2.678,7.685,27.944
6736.0,9.396,2.677,7.704,19.688
6738.0,9.273,2.691,7.688,18.206
6740.0,12.045,2.723,7.681,14.184
6742.0,12.076,2.786,7.674,11.220
6744.0,10.343,2.749,7.684,13.337
6746.0,9.435,2.754,7.692,9.315
6748.0,10.841,2.771,7.690,13.972
6750.0,13.876,2.728,7.685,17.359
6752.0,11.731,2.684,7.683,25.403
6754.0,11.010,2.746,7.694,26.250
6756.0,11.761,2.744,7.678,19.476
6758.0,12.650,2.763,7.676,23.286
6760.0,10.595,2.726,7.681,20.746
6762.0,10.948,2.760,7.685,28.155
6764.0,12.237,2.724,7.690,34.718
6766.0,14.076,2.494,7.717,54.405
6768.0,5.476,2.509,7.862,49.113
6770.0,4.417,2.615,7.720,51.653
6772.0,12.726,2.006,7.669,62.026
6774.0,13.909,2.321,7.927,53.982
6776.0,16.826,2.329,8.615,50.383
6778.0,8.813,2.393,8.452,49.960
6780.0,4.900,2.687,7.916,40.222
6782.0,5.051,2.737,7.700,44.667
6784.0,5.270,2.675,7.687,42.339
6786.0,5.666,2.672,7.686,35.776
6788.0,5.275,2.685,7.689,42.550
6790.0,8.271,2.662,7.698,58.428
6792.0,11.392,2.581,7.719,49.960
6794.0,10.070,2.564,7.838,40.645
6796.0,6.974,2.626,7.861,29.637
6798.0,6.033,2.554,7.741,40.222
6800.0,7.113,2.522,7.846,44.032
6802.0,7.101,2.655,7.949,38.740
6804.0,5.952,2.659,7.888,34.929
6806.0,5.819,2.634,7.987,39.798
6808.0,5.349,2.625,7.840,44.244
6810.0,5.807,2.631,7.709,43.185
6812.0,6.151,2.598,7.699,57.792
6814.0,6.014,2.582,7.731,62.450
6816.0,7.026,2.616,8.036,44.032
6818.0,9.037,2.280,8.061,34.718
6820.0,9.055,2.297,8.236,35.141
6822.0,8.225,2.462,8.006,31.119
6824.0,9.235,2.655,7.886,28.367
6826.0,6.190,2.641,7.793,39.163
6828.0,7.865,2.585,7.720,53.770
6830.0,8.031,2.572,7.697,63.085
6832.0,7.867,2.537,7.702,70.706
6834.0,8.507,2.505,7.712,49.113
6836.0,10.196,2.340,7.780,31.331
6838.0,9.668,2.419,8.176,40.222
6840.0,5.662,2.541,7.871,66.684
6842.0,5.430,2.517,7.685,89.335
6844.0,5.325,2.542,7.663,82.772
6846.0,5.788,2.501,7.662,79.174
6848.0,5.463,2.525,7.661,95.262
6850.0,5.353,2.518,7.670,99.284
6852.0,5.803,2.482,7.689,98.649
6854.0,5.452,2.514,7.691,96.956
6856.0,6.589,2.515,7.699,89.758
6858.0,6.288,2.495,7.696,92.722
6860.0,5.667,2.513,7.691,92.722
6862.0,5.629,2.521,7.690,99.708
6864.0,5.777,2.529,7.697,87.853
6866.0,5.927,2.586,7.740,64.567
6868.0,6.232,2.622,7.752,41.069
6870.0,7.159,2.539,7.782,32.389
6872.0,5.346,2.599,7.927,37.681
6874.0,5.410,2.639,7.809,33.659
6876.0,6.515,2.440,7.721,41.492
6878.0,7.385,2.474,7.898,40.645
6880.0,5.877,2.644,8.333,26.885
6882.0,4.913,2.598,8.086,34.294
6884.0,4.796,2.620,7.936,42.762
6886.0,5.597,2.601,8.071,39.375
6888.0,5.458,2.566,8.154,38.317
6890.0,5.717,2.506,8.378,34.083
6892.0,6.274,2.584,8.473,44.032
6894.0,6.623,2.530,8.459,38.317
6896.0,7.198,2.544,8.555,37.470
6898.0,8.659,2.382,8.556,32.178
6900.0,9.124,2.483,8.577,43.185
6902.0,9.495,2.446,8.680,31.119
6904.0,9.121,2.535,8.476,46.996
6906.0,9.136,2.533,8.367,44.667
6908.0,9.361,2.500,8.087,36.623
6910.0,10.545,2.316,8.078,26.673
6912.0,10.478,2.339,8.016,27.732
6914.0,8.789,2.658,7.737,26.462
6916.0,9.303,2.579,7.646,33.448
6918.0,7.629,2.578,7.644,36.835
6920.0,8.390,2.625,7.652,53.770
6922.0,9.412,2.558,7.664,48.690
6924.0,8.674,2.598,7.677,39.375
6926.0,7.200,2.608,7.669,47.419
6928.0,6.243,2.619,7.633,52.923
6930.0,6.310,2.556,7.653,43.397
6932.0,7.192,2.576,7.876,48.478
6934.0,6.981,2.595,7.829,46.784
6936.0,8.150,2.578,7.663,46.361
6938.0,7.013,2.566,7.656,37.681
6940.0,8.844,2.012,7.734,30.696
6942.0,9.363,2.149,8.246,40.222
6944.0,8.345,2.408,8.444,48.054
6946.0,7.131,2.396,7.931,50.595
6948.0,7.209,2.039,7.625,41.280
6950.0,7.069,2.253,7.723,39.798
6952.0,7.680,2.486,8.447,53.135
6954.0,7.930,2.175,8.426,35.776
6956.0,7.209,2.013,8.035,41.069
6958.0,6.630,2.273,7.844,49.325
6960.0,7.794,1.798,7.769,36.200
6962.0,6.253,2.192,7.906,48.054
6964.0,6.377,2.361,7.819,45.514
6966.0,5.710,2.532,7.766,36.623
6968.0,6.907,2.450,7.607,34.506
6970.0,7.487,2.563,7.556,35.565
6972.0,8.261,2.167,7.529,39.163
6974.0,8.140,2.357,8.046,36.200
6976.0,9.373,2.190,8.355,46.361
6978.0,9.300,2.006,8.542,40.434
6980.0,8.526,1.970,7.935,37.893
6982.0,7.764,2.363,7.777,41.280
6984.0,7.419,2.605,7.723,30.696
6986.0,7.965,2.657,7.657,23.075
6988.0,7.950,2.649,7.667,32.389
6990.0,8.227,2.528,7.689,32.812
6992.0,7.013,2.586,7.819,21.169
6994.0,7.380,2.450,7.776,21.805
6996.0,7.242,2.405,7.693,50.595
6998.0,9.167,2.506,7.685,43.821
7000.0,5.349,2.640,7.673,43.821
7002.0,5.883,2.617,7.669,38.317
7004.0,6.564,2.496,7.672,47.843
7006.0,6.733,2.585,7.669,50.806
7008.0,7.449,2.587,7.706,31.754
7010.0,7.806,2.087,7.677,45.938
7012.0,6.039,2.277,7.789,45.091
7014.0,5.253,2.545,7.692,71.976
7016.0,4.937,2.543,7.607,66.260
7018.0,5.934,2.445,7.599,76.845
7020.0,6.455,2.552,7.753,67.107
7022.0,6.241,2.511,8.120,64.990
7024.0,4.517,2.565,7.830,73.458
7026.0,5.238,2.514,7.696,75.363
7028.0,6.278,2.270,7.755,73.246
7030.0,8.241,2.230,8.185,73.034
7032.0,6.373,2.376,8.626,58.851
7034.0,5.793,2.456,8.616,66.260
7036.0,5.545,2.501,8.438,66.049
7038.0,4.998,2.271,8.138,59.486
7040.0,3.959,2.551,7.872,65.202
7042.0,4.247,2.534,7.766,58.004
7044.0,5.471,2.579,7.768,56.734
7046.0,6.637,2.603,7.770,38.105
7048.0,6.959,2.583,7.783,32.601
7050.0,15.867,2.005,7.816,27.732
7052.0,17.802,1.799,8.132,19.688
7054.0,12.936,2.113,8.456,15.454
7056.0,11.637,2.512,8.598,16.089
7058.0,11.934,2.534,8.506,16.936
7060.0,14.282,2.385,8.189,27.732
7062.0,13.125,2.550,8.031,14.819
7064.0,12.051,2.707,7.840,11.008
7066.0,11.852,2.753,7.669,7.621
7068.0,12.316,2.710,7.659,12.066
7070.0,12.287,2.704,7.659,6.351
7072.0,10.929,2.739,7.655,6.562
7074.0,11.362,2.744,7.601,5.504
7076.0,10.849,2.746,7.575,4.022
7078.0,10.285,2.447,7.572,6.562
7080.0,12.691,2.009,7.573,7.198
7082.0,12.604,2.313,8.336,9.950
7084.0,9.775,2.429,7.943,17.782
7086.0,10.122,2.548,7.810,14.607
7088.0,12.992,2.324,7.742,15.030
7090.0,10.193,2.571,7.912,36.411
7092.0,9.854,2.530,7.723,38.952
7094.0,10.756,2.625,7.712,23.498
7096.0,10.203,2.695,7.721,34.929
7098.0,8.553,2.590,7.737,53.982
7100.0,8.827,2.584,7.714,55.887
7102.0,8.210,2.604,7.699,68.165
7104.0,9.637,2.571,7.688,52.288
7106.0,10.270,2.550,7.689,51.230
7108.0,10.507,2.556,7.673,62.661
7110.0,12.014,2.549,7.686,47.631
7112.0,11.974,2.524,7.700,42.127
7114.0,11.808,2.516,7.730,29.637
7116.0,10.332,2.500,7.742,39.375
7118.0,8.256,2.541,7.710,42.550
7120.0,7.995,2.346,7.718,30.272
7122.0,15.913,1.535,7.714,31.542
7124.0,9.011,2.249,7.808,30.696
7126.0,15.545,1.698,7.729,43.821
7128.0,9.274,1.717,7.952,46.149
7130.0,8.399,2.410,8.008,39.163
7132.0,8.261,2.593,7.838,36.623
7134.0,7.428,2.595,7.777,37.046
7136.0,6.545,2.625,7.742,48.901
7138.0,5.170,2.633,7.664,45.938
7140.0,5.793,2.551,7.659,45.514
7142.0,11.342,2.313,7.686,24.345
7144.0,13.446,1.732,7.675,26.885
7146.0,11.063,2.332,8.621,28.579
7148.0,11.870,2.310,8.737,25.827
7150.0,13.584,1.913,8.736,34.294
7152.0,6.287,2.095,8.079,37.893
7154.0,7.359,2.283,7.988,52.923
7156.0,6.024,2.460,8.139,56.311
7158.0,5.223,2.607,7.924,52.500
7160.0,5.251,2.638,7.777,64.778
7162.0,5.901,2.664,7.775,57.581
7164.0,6.533,2.636,7.771,45.514
7166.0,5.832,2.609,7.770,47.419
7168.0,6.910,2.497,7.781,46.573
7170.0,8.159,2.280,7.845,50.595
7172.0,7.289,2.529,8.215,54.194
7174.0,8.590,2.467,8.175,57.581
7176.0,14.679,2.610,7.957,33.659
7178.0,16.375,2.612,7.804,18.841
7180.0,15.714,2.605,7.790,22.863
7182.0,17.290,2.563,7.790,20.746
7184.0,17.029,2.572,7.800,16.724
7186.0,15.660,2.562,7.806,11.220
7188.0,14.393,2.582,7.811,11.431
7190.0,11.016,2.603,7.783,27.097
7192.0,12.321,2.200,7.763,36.835
7194.0,11.133,2.531,7.753,36.623
7196.0,11.084,2.680,7.707,27.520
7198.0,11.955,2.665,7.688,13.972
7200.0,11.584,2.668,7.695,17.571
7202.0,9.044,2.633,7.686,18.206
7204.0,9.585,2.706,7.684,26.250
7206.0,10.228,2.682,7.686,30.696
7208.0,10.018,2.634,7.706,20.111
7210.0,10.739,2.683,7.711,22.439
7212.0,13.185,2.658,7.686,15.030
7214.0,11.447,2.685,7.693,22.651
7216.0,11.140,2.700,7.703,26.250
7218.0,8.359,2.716,7.710,21.169
7220.0,6.437,2.764,7.702,25.615
7222.0,5.911,2.754,7.666,31.119
7224.0,8.037,2.557,7.666,21.805
7226.0,7.498,2.519,7.700,15.877
7228.0,7.691,2.624,7.692,24.345
7230.0,15.819,2.628,7.845,15.030
7232.0,10.001,2.619,7.798,16.300
7234.0,10.005,2.461,7.867,25.192
7236.0,13.778,2.631,8.107,24.133
7238.0,17.617,2.548,8.062,16.512
7240.0,15.309,2.580,7.978,31.331
7242.0,13.255,2.645,7.807,34.083
7244.0,13.980,2.656,7.732,41.704
7246.0,15.357,2.615,7.743,20.534
7248.0,15.356,2.597,7.776,23.498
7250.0,14.903,2.614,7.791,17.571
7252.0,13.698,2.677,7.826,15.242
7254.0,13.793,2.679,7.785,25.192
7256.0,11.383,2.687,7.706,23.921
7258.0,12.642,2.679,7.699,22.228
7260.0,13.783,2.691,7.750,21.169
7262.0,14.712,2.653,7.789,15.030
7264.0,13.834,2.661,7.813,13.972
7266.0,12.447,2.682,7.822,19.052
7268.0,12.768,2.696,7.821,22.439
7270.0,13.060,2.535,7.858,17.359
7272.0,12.886,2.374,7.995,30.061
7274.0,10.509,2.662,7.938,26.250
7276.0,10.035,2.664,7.782,12.490
7278.0,9.901,2.671,7.713,13.972
7280.0,10.414,2.679,7.724,12.278
7282.0,11.712,2.471,7.761,17.571
7284.0,11.159,2.668,7.821,17.147
7286.0,9.711,2.654,7.760,17.571
7288.0,8.428,2.576,7.763,25.192
7290.0,7.895,2.707,7.769,27.097
7292.0,8.491,2.752,7.738,23.921
7294.0,9.268,2.683,7.760,23.286
7296.0,7.861,2.721,7.838,22.016
7298.0,7.626,2.708,7.835,24.345
7300.0,8.422,2.722,7.876,20.958
7302.0,8.284,2.735,7.892,18.841
7304.0,9.940,2.713,7.793,26.462
7306.0,9.722,2.703,7.699,12.913
7308.0,9.783,2.703,7.686,6.351
7310.0,9.302,2.698,7.686,8.891
7312.0,9.948,2.716,7.676,12.278
7314.0,11.396,2.667,7.682,14.607
7316.0,12.440,2.652,7.672,15.242
7318.0,13.789,2.645,7.702,11.855
7320.0,13.297,2.666,7.707,5.292
7322.0,13.165,2.664,7.702,3.175
7324.0,12.853,2.624,7.695,2.752
7326.0,11.032,2.566,7.668,1.905
7328.0,11.430,2.308,7.678,2.752
7330.0,11.758,2.475,7.931,5.927
7332.0,10.733,2.529,7.918,14.184
7334.0,13.214,1.932,7.630,9.526
7336.0,13.057,1.482,7.699,6.562
7338.0,10.949,2.076,8.726,5.292
7340.0,12.658,2.174,8.351,18.841
7342.0,10.674,2.449,7.890,20.534
7344.0,10.610,1.915,7.792,4.022
7346.0,8.456,2.380,8.037,4.657
7348.0,7.077,2.730,7.843,11.431
7350.0,7.375,2.737,7.671,12.066
7352.0,7.019,2.782,7.734,11.643
7354.0,7.181,2.798,7.695,12.066
7356.0,7.395,2.796,7.724,5.927
7358.0,6.675,2.760,7.784,13.548
7360.0,7.893,2.758,7.699,10.161
7362.0,8.960,2.742,7.667,7.621
7364.0,6.269,2.768,7.667,9.950
7366.0,7.735,2.756,7.655,10.373
7368.0,8.169,2.753,7.671,8.891
7370.0,9.197,2.696,7.681,12.702
7372.0,7.873,2.746,7.672,9.103
7374.0,7.719,2.737,7.754,7.409
7376.0,8.210,2.727,7.844,12.913
7378.0,8.041,2.746,8.012,12.066
7380.0,6.921,2.727,7.811,4.657
7382.0,6.898,2.733,7.668,7.198
7384.0,8.389,2.621,7.678,12.278
7386.0,12.692,2.172,7.734,11.431
7388.0,10.666,2.525,7.933,18.417
7390.0,10.112,2.683,7.764,16.724
7392.0,11.768,2.365,7.706,10.161
7394.0,10.308,2.007,7.856,1.905
7396.0,7.289,2.611,7.928,10.585
7398.0,8.078,2.584,7.793,10.161
7400.0,10.343,2.441,7.935,8.891
7402.0,9.432,2.448,7.844,12.702
7404.0,9.698,2.461,7.651,18.206
7406.0,9.614,2.296,7.751,8.679
7408.0,11.796,2.287,8.026,9.103
7410.0,12.873,2.324,8.524,10.161
7412.0,14.865,2.488,8.106,8.256
7414.0,14.102,2.592,7.903,8.468
7416.0,13.377,2.610,7.747,9.738
7418.0,15.498,2.649,7.745,11.220
7420.0,13.353,2.652,7.787,7.409
7422.0,11.499,2.675,7.735,12.913
7424.0,9.819,2.706,7.664,5.716
7426.0,12.291,2.418,7.702,9.950
7428.0,14.638,1.807,7.923,9.738
7430.0,10.453,2.437,8.165,19.052
7432.0,10.752,2.631,7.923,42.550
7434.0,14.913,2.646,7.723,24.133
7436.0,12.492,2.648,7.679,30.272
7438.0,11.361,2.613,7.684,40.434
7440.0,12.183,2.634,7.690,35.353
7442.0,11.026,2.651,7.695,34.929
7444.0,10.192,2.628,7.700,48.690
7446.0,9.126,2.591,7.701,52.500
7448.0,9.190,2.610,7.716,52.077
7450.0,10.159,2.636,7.716,45.514
7452.0,8.291,2.632,7.713,62.238
7454.0,7.475,2.589,7.687,64.778
7456.0,7.297,2.581,7.688,46.784
7458.0,6.171,2.564,7.705,55.040
7460.0,6.179,2.567,7.705,52.500
7462.0,7.378,2.593,7.704,60.968
7464.0,6.759,2.537,7.702,59.698
7466.0,6.413,2.491,7.691,48.054
7468.0,5.660,2.501,7.678,55.252
7470.0,9.042,2.645,7.671,48.266
7472.0,10.846,2.681,7.698,35.776
7474.0,9.011,2.643,7.715,51.230
7476.0,8.784,2.654,7.718,76.210
7478.0,10.200,2.701,7.726,42.762
7480.0,9.488,2.660,7.719,38.528
7482.0,9.045,2.650,7.726,56.099
7484.0,8.420,2.676,7.713,57.792
7486.0,7.448,2.697,7.699,69.647
7488.0,10.668,2.633,7.708,54.617
7490.0,8.397,2.511,7.717,41.280
7492.0,5.678,2.524,7.727,82.772
7494.0,5.492,2.543,7.694,82.772
7496.0,6.049,2.509,7.684,71.552
7498.0,6.001,2.532,7.673,74.093
7500.0,6.559,2.539,7.664,67.530
7502.0,6.759,2.481,7.672,53.135
7504.0,6.385,2.470,7.673,71.552
7506.0,6.158,2.493,7.673,71.976
7508.0,5.316,2.504,7.683,72.611
7510.0,6.934,2.475,7.688,77.057
7512.0,9.760,2.451,7.697,76.421
7514.0,11.180,2.434,7.716,75.998
7516.0,5.632,2.454,7.715,76.421
7518.0,4.390,2.547,7.720,75.151
7520.0,4.045,2.578,7.701,88.065
7522.0,4.070,2.549,7.691,93.357
7524.0,4.333,2.548,7.708,86.583
7526.0,4.373,2.575,7.698,80.867
7528.0,4.192,2.547,7.700,80.867
7530.0,4.804,2.556,7.687,71.764
7532.0,4.975,2.527,7.698,77.268
7534.0,6.860,2.483,7.721,72.399
7536.0,6.156,2.493,7.688,76.845
7538.0,5.723,2.510,7.688,88.911
7540.0,7.979,2.489,7.697,77.480
7542.0,7.456,2.527,7.726,58.428
7544.0,8.835,2.510,7.740,60.968
7546.0,4.248,2.541,7.753,63.931
7548.0,5.064,2.537,7.750,59.274
7550.0,7.940,2.571,7.747,57.157
7552.0,6.354,2.503,7.761,54.617
7554.0,6.686,2.493,7.759,82.349
7556.0,8.177,2.473,7.761,87.430
7558.0,9.244,2.444,7.753,58.428
7560.0,8.966,2.438,7.761,76.421
7562.0,6.525,2.470,7.756,73.246
7564.0,9.811,2.582,7.752,62.661
7566.0,10.911,2.575,7.755,51.230
7568.0,9.936,2.638,7.751,54.829
7570.0,9.109,2.607,7.760,63.931
7572.0,9.261,2.606,7.755,71.129
7574.0,9.428,2.604,7.768,64.567
7576.0,7.958,2.631,7.776,66.260
7578.0,7.263,2.644,7.750,60.544
7580.0,7.112,2.646,7.717,53.347
7582.0,10.129,2.584,7.722,60.756
7584.0,10.496,2.586,7.734,71.764
7586.0,9.203,2.571,7.760,85.524
7588.0,8.501,2.560,7.762,82.772
7590.0,7.146,2.555,7.766,76.421
7592.0,6.657,2.559,7.739,85.736
7594.0,6.856,2.591,7.734,82.137
7596.0,7.675,2.603,7.739,84.889
7598.0,8.756,2.603,7.739,68.589
7600.0,7.677,2.576,7.750,64.567
7602.0,6.475,2.469,7.761,102.248
7604.0,7.092,2.442,7.754,89.758
7606.0,7.375,2.452,7.755,90.817
7608.0,7.432,2.443,7.754,90.605
7610.0,7.180,2.437,7.754,80.655
7612.0,8.274,2.555,7.741,64.143
7614.0,9.059,2.628,7.733,49.536
7616.0,8.127,2.562,7.732,37.470
7618.0,9.841,2.540,7.738,31.754
7620.0,11.019,2.562,7.754,31.119
7622.0,11.900,2.566,7.758,38.105
7624.0,12.385,2.593,7.761,31.542
7626.0,11.979,2.586,7.763,36.835
7628.0,12.167,2.592,7.764,23.710
7630.0,12.200,2.604,7.762,29.637
7632.0,11.742,2.623,7.773,20.746
7634.0,10.998,2.680,7.785,21.593
7636.0,11.463,2.684,7.785,20.323
7638.0,11.825,2.631,7.795,19.899
7640.0,12.199,2.640,7.782,14.184
7642.0,13.372,2.600,7.787,15.454
7644.0,11.667,2.546,7.807,20.111
7646.0,10.257,2.580,7.791,26.038
7648.0,8.536,2.654,7.779,24.133
7650.0,9.087,2.565,7.812,19.264
7652.0,9.458,2.671,8.053,19.264
7654.0,8.749,2.650,8.120,10.161
7656.0,9.091,2.707,8.066,17.994
7658.0,8.538,2.637,8.180,16.512
7660.0,11.665,2.185,8.126,23.075
7662.0,12.751,2.256,8.417,13.337
7664.0,9.992,2.559,8.399,20.111
7666.0,7.572,2.743,8.224,18.417
7668.0,7.708,2.715,8.005,18.206
7670.0,7.650,2.641,7.749,29.637
7672.0,8.215,2.621,7.716,34.506
7674.0,7.708,2.628,7.730,32.812
7676.0,9.217,2.396,7.747,23.075
7678.0,8.710,2.382,7.839,17.359
7680.0,7.604,2.644,7.979,17.782
7682.0,7.739,2.713,7.837,17.571
7684.0,8.555,2.664,7.844,22.016
7686.0,7.961,2.662,7.889,20.534
7688.0,7.582,2.728,7.913,18.417
7690.0,7.251,2.730,7.929,27.520
7692.0,7.838,2.688,7.935,23.921
7694.0,7.609,2.712,7.857,38.317
7696.0,8.820,2.680,7.689,45.938
7698.0,12.413,2.618,7.675,29.214
7700.0,12.948,2.576,7.679,24.345
7702.0,13.697,2.568,7.678,30.272
7704.0,14.370,2.542,7.685,25.827
7706.0,13.201,2.550,7.728,32.601
7708.0,15.557,2.588,7.729,27.308
7710.0,13.976,2.569,7.746,19.052
7712.0,13.778,2.563,7.774,26.462
7714.0,13.520,2.572,7.807,19.264
7716.0,12.967,2.553,7.817,17.571
7718.0,8.188,2.587,7.705,29.214
7720.0,7.251,2.721,7.728,21.805
7722.0,7.205,2.748,7.951,24.768
7724.0,8.973,2.616,7.881,37.681
7726.0,14.358,2.550,7.717,29.637
7728.0,14.421,2.564,7.696,13.760
7730.0,13.873,2.584,7.696,27.944
7732.0,13.847,2.585,7.694,17.782
7734.0,13.140,2.577,7.699,29.425
7736.0,14.533,2.536,7.698,23.921
7738.0,14.655,2.515,7.713,21.169
7740.0,13.250,2.536,7.712,30.696
7742.0,13.877,2.554,7.713,30.061
7744.0,14.745,2.541,7.720,24.345
7746.0,14.228,2.529,7.716,30.696
7748.0,13.714,2.558,7.714,31.754
7750.0,13.159,2.558,7.723,26.462
7752.0,13.321,2.542,7.725,27.520
7754.0,13.020,2.560,7.734,26.250
7756.0,11.621,2.645,7.725,26.673
7758.0,11.407,2.539,7.666,29.214
7760.0,12.544,2.207,7.672,27.944
7762.0,11.224,2.579,8.178,31.119
7764.0,11.852,2.557,8.160,40.434
7766.0,11.921,2.562,8.332,32.178
7768.0,10.917,2.591,8.466,26.673
7770.0,11.753,2.566,8.445,28.579
7772.0,9.898,2.582,8.138,29.214
7774.0,10.555,2.440,7.947,25.827
7776.0,9.710,2.491,8.031,17.147
7778.0,8.963,2.688,8.274,17.994
7780.0,8.770,2.673,8.216,19.052
7782.0,10.102,2.671,8.197,30.272
7784.0,7.056,2.619,8.061,44.244
7786.0,5.410,2.562,7.701,72.399
7788.0,7.474,2.549,7.619,62.661
7790.0,8.691,2.555,7.641,64.355
7792.0,9.423,2.560,7.709,51.230
7794.0,10.537,2.667,7.791,24.980
7796.0,8.667,2.728,7.800,25.403
7798.0,9.529,2.731,7.763,27.732
7800.0,9.929,2.719,7.692,38.952
7802.0,9.527,2.677,7.701,34.718
7804.0,11.931,2.670,7.742,48.054
7806.0,10.337,2.744,7.829,75.151
7808.0,7.387,2.595,7.986,71.976
7810.0,6.226,2.514,7.942,78.327
7812.0,5.544,2.541,7.753,67.107
7814.0,6.110,2.533,7.681,71.552
7816.0,5.814,2.569,7.737,85.101
7818.0,5.731,2.541,7.860,70.706
7820.0,6.838,2.529,7.785,64.778
7822.0,5.017,2.541,7.788,87.006
7824.0,5.209,2.527,7.758,98.226
7826.0,5.888,2.502,7.692,70.494
7828.0,5.744,2.518,7.691,71.341
7830.0,5.335,2.506,7.708,77.268
7832.0,5.176,2.521,7.776,85.101
7834.0,4.299,2.547,7.765,83.831
7836.0,5.947,2.528,7.686,73.669
7838.0,6.499,2.500,7.683,67.107
7840.0,8.085,2.545,7.705,63.085
7842.0,10.551,2.584,7.771,56.946
7844.0,10.168,2.586,7.811,33.659
7846.0,10.710,2.563,7.947,27.308
7848.0,12.166,2.553,7.944,27.308
7850.0,12.076,2.632,7.834,26.250
7852.0,11.040,2.618,7.770,33.024
7854.0,10.538,2.688,7.741,43.609
7856.0,10.724,2.691,7.700,26.038
7858.0,11.298,2.637,7.690,24.133
7860.0,12.101,2.616,7.701,29.425
7862.0,12.022,2.604,7.710,28.579
7864.0,10.722,2.592,7.790,36.200
7866.0,10.809,2.607,7.776,34.083
7868.0,11.129,2.578,7.760,34.718
7870.0,11.260,2.602,7.762,34.506
7872.0,11.247,2.600,7.792,33.236
7874.0,11.131,2.610,7.769,39.163
7876.0,12.026,2.587,7.709,42.762
7878.0,11.930,2.589,7.718,43.185
7880.0,11.885,2.570,7.721,39.375
7882.0,11.608,2.579,7.717,31.542
7884.0,11.420,2.582,7.729,26.250
7886.0,12.188,2.632,7.726,35.141
7888.0,11.990,2.627,7.712,47.419
7890.0,12.011,2.601,7.728,48.266
7892.0,11.591,2.602,7.690,52.288
7894.0,11.221,2.588,7.725,41.704
7896.0,10.193,2.575,7.730,39.375
7898.0,11.383,2.644,7.706,30.272
7900.0,11.210,2.694,7.661,34.718
7902.0,10.729,2.574,7.650,35.988
7904.0,12.396,2.571,7.669,46.784
7906.0,12.813,2.557,7.753,39.587
7908.0,13.042,2.649,7.762,38.105
7910.0,12.830,2.680,7.663,43.821
7912.0,9.730,2.674,7.652,30.484
7914.0,9.975,2.253,7.680,20.746
7916.0,12.718,2.358,7.788,23.921
7918.0,13.535,2.644,8.451,18.629
7920.0,11.416,2.608,8.355,27.097
7922.0,10.957,2.469,8.296,20.111
7924.0,11.872,2.352,8.116,23.075
7926.0,11.450,2.560,7.997,31.331
7928.0,11.683,2.565,7.840,48.266
7930.0,11.837,2.567,7.760,38.740
7932.0,11.512,2.567,7.727,42.127
7934.0,11.961,2.526,7.738,35.141
7936.0,12.554,2.529,7.710,44.667
7938.0,12.303,2.518,7.730,47.631
7940.0,11.901,2.596,7.733,48.054
7942.0,11.247,2.581,7.712,51.018
7944.0,12.080,2.602,7.695,42.127
7946.0,12.617,2.585,7.697,42.339
7948.0,12.533,2.579,7.707,38.105
7950.0,11.329,2.547,7.778,50.171
7952.0,11.692,2.538,7.760,47.419
7954.0,11.835,2.541,7.716,53.559
7956.0,11.477,2.550,7.720,51.018
7958.0,12.378,2.545,7.738,54.829
7960.0,12.357,2.547,7.773,45.514
7962.0,10.382,2.578,7.769,52.077
7964.0,10.862,2.551,7.774,60.544
7966.0,10.651,2.591,7.720,53.135
7968.0,10.016,2.574,7.712,57.792
7970.0,10.793,2.575,7.689,48.690
7972.0,10.297,2.558,7.697,45.303
7974.0,9.536,2.571,7.686,54.194
7976.0,10.074,2.584,7.694,53.135
7978.0,11.698,2.581,7.701,56.522
7980.0,12.295,2.532,7.704,62.238
7982.0,11.105,2.559,7.826,58.216
7984.0,11.135,2.577,7.819,40.857
7986.0,10.963,2.573,7.779,45.091
7988.0,11.392,2.557,7.782,44.244
7990.0,11.703,2.558,7.809,56.311
7992.0,10.778,2.545,7.843,50.383
7994.0,10.592,2.566,7.806,48.478
7996.0,9.630,2.563,7.780,42.339
7998.0,10.322,2.547,7.749,47.208
8000.0,8.750,2.567,7.720,43.821
8002.0,9.441,2.576,7.692,51.018
8004.0,10.633,2.563,7.712,42.974
8006.0,12.075,2.573,7.733,56.099
8008.0,12.118,2.548,7.747,35.776
8010.0,11.617,2.590,7.762,36.835
8012.0,11.651,2.583,7.762,41.280
8014.0,11.022,2.590,7.738,37.893
8016.0,10.669,2.569,7.744,34.506
8018.0,10.668,2.551,7.776,53.347
8020.0,10.903,2.564,7.716,48.054
8022.0,11.444,2.610,7.732,49.113
8024.0,11.036,2.614,7.732,38.105
8026.0,10.398,2.541,7.731,49.113
8028.0,11.109,2.567,7.724,42.550
8030.0,10.596,2.602,7.765,45.514
8032.0,10.355,2.595,7.780,37.893
8034.0,10.834,2.585,7.704,41.704
8036.0,10.312,2.591,7.685,48.266
8038.0,10.215,2.580,7.696,48.266
8040.0,9.985,2.558,7.699,46.784
8042.0,9.969,2.570,7.691,50.806
8044.0,9.789,2.566,7.708,51.442
8046.0,10.345,2.560,7.714,48.054
8048.0,10.089,2.559,7.742,32.601
8050.0,10.777,2.573,7.780,36.411
8052.0,10.428,2.587,7.739,45.726
8054.0,9.621,2.592,7.737,39.587
8056.0,9.643,2.533,7.711,46.573
8058.0,9.968,2.533,7.708,44.032
8060.0,10.401,2.551,7.717,48.901
8062.0,10.323,2.578,7.722,36.623
8064.0,10.679,2.561,7.720,41.492
8066.0,10.890,2.551,7.723,46.361
8068.0,12.077,2.572,7.743,43.821
8070.0,11.155,2.582,7.773,45.938
8072.0,11.240,2.579,7.768,49.748
8074.0,10.573,2.607,7.703,45.091
8076.0,10.116,2.593,7.703,42.974
8078.0,10.083,2.571,7.694,34.929
8080.0,9.899,2.600,7.707,42.127
8082.0,9.627,2.619,7.716,39.798
8084.0,9.089,2.643,7.716,41.915
8086.0,9.789,2.623,7.719,40.222
8088.0,10.275,2.615,7.701,49.325
8090.0,11.116,2.592,7.706,50.595
8092.0,10.773,2.552,7.708,40.434
8094.0,10.972,2.596,7.707,30.484
8096.0,10.564,2.598,7.708,34.718
8098.0,8.912,2.616,7.704,47.843
8100.0,9.721,2.609,7.694,42.974
8102.0,10.993,2.571,7.701,38.740
8104.0,11.796,2.587,7.703,44.244
8106.0,11.990,2.557,7.701,46.573
8108.0,10.829,2.569,7.704,42.339
8110.0,10.509,2.568,7.706,33.659
8112.0,11.381,2.581,7.725,38.952
8114.0,11.790,2.606,7.744,38.317
8116.0,11.595,2.596,7.769,35.141
8118.0,11.489,2.576,7.749,40.222
8120.0,10.651,2.597,7.708,50.383
8122.0,10.967,2.613,7.702,43.397
8124.0,11.698,2.607,7.708,50.806
8126.0,12.054,2.607,7.718,36.200
8128.0,10.756,2.597,7.779,41.915
8130.0,10.190,2.582,7.786,46.573
8132.0,10.502,2.573,7.754,47.843
8134.0,10.028,2.623,7.719,53.347
8136.0,9.917,2.592,7.711,42.762
8138.0,10.546,2.568,7.704,47.419
8140.0,10.379,2.559,7.703,43.609
8142.0,11.558,2.575,7.733,49.748
8144.0,10.644,2.612,7.865,37.258
8146.0,9.688,2.604,7.917,26.673
8148.0,8.945,2.633,7.802,45.091
8150.0,7.863,2.662,7.714,46.149
8152.0,12.025,2.284,7.714,28.790
8154.0,14.341,2.251,7.774,31.542
8156.0,14.437,2.598,8.265,27.944
8158.0,13.263,2.631,8.350,25.192
8160.0,8.748,2.644,8.154,38.105
8162.0,7.402,2.654,7.887,41.280
8164.0,7.386,2.667,7.742,39.375
8166.0,8.508,2.658,7.724,36.623
8168.0,9.068,2.693,7.728,29.425
8170.0,8.326,2.665,7.727,32.389
8172.0,8.952,2.519,7.743,40.010
8174.0,8.281,2.668,7.845,40.645
8176.0,8.342,2.677,7.743,33.236
8178.0,7.990,2.639,7.716,55.887
8180.0,8.902,2.634,7.690,29.637
8182.0,11.526,2.599,7.692,23.710
8184.0,12.556,2.606,7.809,22.016
8186.0,10.772,2.629,7.962,24.980
8188.0,8.100,2.696,8.107,29.002
8190.0,7.010,2.736,8.129,16.724
8192.0,6.762,2.730,8.017,24.556
8194.0,7.024,2.688,7.755,33.659
8196.0,6.815,2.666,7.655,31.966
8198.0,7.561,2.673,7.668,34.506
8200.0,8.329,2.623,7.682,40.857
8202.0,8.367,2.686,7.983,36.200
8204.0,5.517,2.584,8.019,62.873
8206.0,4.651,2.538,7.824,86.583
8208.0,3.643,2.512,7.761,92.934
8210.0,3.566,2.523,7.796,88.065
8212.0,7.765,2.632,7.692,67.319
8214.0,10.770,2.724,7.707,28.579
8216.0,10.762,2.709,7.733,24.345
8218.0,9.896,2.729,7.755,21.593
8220.0,10.178,2.740,7.745,22.863
8222.0,9.739,2.726,7.745,18.206
8224.0,7.739,2.721,7.745,30.907
8226.0,4.763,2.681,7.745,46.784
8228.0,3.350,2.523,7.710,66.049
8230.0,2.861,2.529,7.768,73.246
8232.0,4.363,2.591,7.757,83.196
8234.0,3.800,2.572,7.767,87.853
8236.0,5.249,2.639,7.753,50.383
8238.0,6.400,2.762,7.766,23.710
8240.0,5.768,2.790,7.795,19.052
8242.0,6.438,2.709,7.816,15.665
8244.0,8.454,2.499,7.858,29.849
8246.0,7.802,2.791,8.238,23.710
8248.0,8.236,2.714,8.402,20.958
8250.0,8.763,2.599,8.418,22.016
8252.0,8.020,2.606,8.135,19.899
8254.0,7.912,2.672,8.087,18.629
8256.0,7.253,2.638,8.135,25.403
8258.0,6.446,2.690,8.176,32.601
8260.0,5.454,2.695,8.168,22.228
8262.0,7.210,2.692,7.896,27.732
8264.0,6.864,2.661,7.742,23.075
8266.0,6.654,2.635,7.772,10.796
8268.0,6.063,2.694,8.016,15.877
8270.0,5.681,2.711,7.889,13.125
8272.0,6.203,2.689,7.799,15.454
8274.0,4.901,2.788,7.981,18.417
8276.0,4.757,2.765,7.842,21.169
8278.0,5.585,2.724,7.755,23.286
8280.0,5.763,2.718,7.910,21.805
8282.0,4.629,2.776,7.882,19.688
8284.0,5.634,2.752,7.764,12.913
8286.0,5.169,2.779,7.761,15.030
8288.0,5.472,2.737,7.718,18.629
8290.0,4.960,2.734,7.686,31.754
8292.0,4.858,2.720,7.688,30.272
8294.0,4.251,2.690,7.705,42.762
8296.0,6.250,2.680,7.699,46.784
8298.0,7.582,2.689,7.695,37.470
8300.0,6.538,2.680,7.692,44.879
8302.0,7.463,2.691,7.694,40.857
8304.0,8.216,2.673,7.715,37.258
8306.0,8.109,2.644,7.718,37.893
8308.0,7.221,2.620,7.732,38.317
8310.0,7.173,2.645,7.699,39.798
8312.0,8.005,2.619,7.711,33.659
8314.0,7.556,2.577,7.774,59.909
8316.0,7.204,2.507,7.783,85.948
8318.0,7.746,2.476,7.783,70.282
8320.0,8.064,2.517,7.856,69.012
8322.0,8.694,2.585,7.904,45.091
8324.0,8.092,2.629,7.846,43.185
8326.0,7.724,2.670,7.823,38.317
8328.0,6.278,2.733,7.799,22.651
8330.0,5.873,2.764,7.776,25.827
8332.0,5.930,2.716,7.767,30.907
8334.0,5.776,2.701,7.764,41.069
8336.0,5.624,2.765,7.745,30.061
8338.0,6.136,2.781,7.720,16.936
8340.0,7.188,2.733,7.726,20.958
8342.0,7.674,2.732,7.724,20.323
8344.0,7.133,2.723,7.742,30.061
8346.0,8.145,2.605,7.745,38.952
8348.0,8.176,2.502,7.762,55.040
8350.0,6.722,2.432,7.805,89.546
8352.0,6.317,2.438,7.869,97.379
8354.0,7.572,2.435,7.828,101.613
8356.0,8.467,2.424,7.793,103.518
8358.0,8.136,2.420,7.797,98.861
8360.0,7.280,2.419,7.818,92.299
8362.0,5.942,2.426,7.801,83.196
8364.0,6.720,2.410,7.766,72.823
8366.0,8.015,2.462,7.776,62.450
8368.0,7.222,2.682,7.777,27.308
8370.0,8.144,2.673,7.766,45.938
8372.0,7.591,2.726,7.787,19.264
8374.0,6.426,2.762,7.770,15.030
8376.0,6.465,2.784,7.759,16.512
8378.0,5.362,2.798,7.756,14.607
8380.0,5.965,2.801,7.760,14.395
8382.0,6.445,2.792,7.771,8.044
8384.0,5.392,2.771,7.791,15.242
8386.0,7.773,2.759,7.776,23.921
8388.0,6.662,2.752,7.784,13.548
8390.0,5.578,2.807,7.780,15.877
8392.0,6.488,2.789,7.786,17.147
8394.0,7.412,2.766,7.782,15.242
8396.0,7.668,2.712,7.787,18.206
8398.0,10.659,2.715,7.788,26.462
8400.0,7.269,2.748,7.850,17.782
8402.0,5.609,2.784,7.849,12.278
8404.0,5.431,2.817,7.783,16.936
8406.0,6.033,2.757,7.779,12.278
8408.0,6.342,2.804,7.772,17.571
8410.0,6.525,2.813,7.772,25.192
8412.0,7.637,2.811,7.781,19.264
8414.0,9.555,2.706,7.784,13.972
8416.0,10.905,2.683,7.797,9.950
8418.0,10.490,2.691,7.877,12.278
8420.0,9.680,2.718,7.918,14.819
8422.0,6.952,2.720,7.971,13.548
8424.0,5.496,2.773,7.981,20.746
8426.0,5.044,2.784,7.829,24.345
8428.0,5.024,2.758,7.763,16.089
8430.0,5.937,2.724,7.763,15.454
8432.0,6.082,2.761,7.776,16.512
8434.0,5.390,2.757,7.835,14.819
8436.0,4.929,2.803,7.842,12.702
8438.0,4.747,2.815,7.800,21.169
8440.0,4.886,2.805,7.792,24.133
8442.0,4.883,2.803,7.786,17.782
8444.0,4.819,2.796,7.785,14.184
8446.0,4.974,2.772,7.784,12.913
8448.0,5.283,2.778,7.785,23.498
8450.0,5.621,2.805,7.786,19.899
8452.0,5.224,2.804,7.794,29.002
8454.0,6.026,2.791,7.809,19.476
8456.0,5.430,2.782,7.845,24.768
8458.0,5.255,2.781,7.835,20.746
8460.0,5.628,2.766,7.772,15.454
8462.0,5.140,2.821,7.772,12.066
8464.0,5.356,2.792,7.773,18.841
8466.0,5.889,2.796,7.794,18.841
8468.0,5.453,2.778,7.822,16.936
8470.0,5.695,2.791,7.877,13.125
8472.0,6.079,2.710,7.857,20.323
8474.0,4.961,2.606,8.001,60.333
8476.0,3.071,2.496,7.905,102.248
8478.0,2.560,2.521,7.776,99.073
8480.0,4.754,2.591,7.767,55.675
8482.0,4.958,2.741,7.776,18.417
8484.0,4.902,2.822,7.798,16.512
8486.0,5.051,2.785,7.795,23.921
8488.0,5.459,2.777,7.800,25.192
8490.0,5.393,2.767,7.814,19.052
8492.0,5.385,2.765,7.828,26.673
8494.0,5.407,2.780,7.793,15.030
8496.0,5.458,2.757,7.790,18.417
8498.0,5.273,2.735,7.861,21.169
8500.0,2.813,2.604,7.864,58.428
8502.0,3.471,2.697,7.793,74.305
8504.0,4.437,2.786,7.789,34.506
8506.0,3.953,2.820,7.792,20.323
8508.0,4.260,2.765,7.792,19.899
8510.0,4.474,2.783,7.787,20.746
8512.0,4.365,2.803,7.781,10.161
8514.0,5.292,2.774,7.776,16.936
8516.0,6.878,2.730,7.763,20.111
8518.0,5.125,2.786,7.743,25.615
8520.0,5.217,2.782,7.748,35.776
8522.0,5.891,2.689,7.748,16.089
8524.0,5.395,2.725,7.824,18.417
8526.0,5.612,2.724,8.014,22.228
8528.0,5.911,2.747,8.016,20.323
8530.0,5.804,2.795,8.152,15.454
8532.0,5.283,2.834,8.168,15.877
8534.0,4.462,2.793,8.037,18.841
8536.0,4.959,2.826,7.911,18.841
8538.0,4.430,2.811,7.899,18.206
8540.0,4.323,2.801,7.899,12.278
8542.0,4.278,2.812,7.900,16.936
8544.0,3.861,2.831,7.835,20.958
8546.0,3.910,2.862,7.809,15.030
8548.0,6.085,2.787,7.803,14.607
8550.0,11.246,2.683,7.797,18.841
8552.0,8.628,2.712,7.804,19.264
8554.0,5.617,2.781,7.826,15.665
8556.0,4.151,2.785,7.817,20.534
8558.0,4.320,2.833,7.811,19.264
8560.0,4.780,2.805,7.809,25.403
8562.0,4.723,2.798,7.809,18.417
8564.0,7.135,2.758,7.812,21.805
8566.0,5.953,2.783,7.833,14.184
8568.0,5.098,2.844,7.883,15.665
8570.0,4.460,2.837,7.972,17.994
8572.0,4.516,2.844,7.963,20.746
8574.0,4.688,2.776,7.898,23.286
8576.0,5.543,2.726,7.889,19.476
8578.0,5.194,2.756,7.803,24.768
8580.0,5.148,2.748,7.836,20.323
8582.0,7.562,2.665,7.859,26.250
8584.0,7.023,2.660,7.891,39.798
8586.0,8.670,2.673,7.906,33.024
8588.0,7.404,2.700,7.910,25.827
8590.0,6.666,2.698,7.931,21.805
8592.0,6.881,2.824,8.034,24.768
8594.0,6.340,2.715,8.069,33.236
8596.0,6.072,2.637,7.950,39.163
8598.0,7.218,2.679,7.826,43.185
8600.0,7.495,2.610,7.834,81.079
8602.0,7.386,2.544,7.837,103.730
8604.0,8.479,2.530,7.851,94.839
8606.0,9.130,2.491,7.862,86.159
8608.0,8.607,2.500,7.863,87.641
8610.0,7.774,2.481,7.860,75.998
8612.0,7.126,2.522,7.852,102.248
8614.0,6.960,2.541,7.845,91.875
8616.0,7.565,2.557,7.842,102.671
8618.0,8.152,2.580,7.838,106.270
8620.0,8.472,2.558,7.859,98.861
8622.0,8.989,2.538,7.868,69.012
8624.0,8.659,2.525,7.874,93.569
8626.0,8.635,2.514,7.873,74.728
8628.0,9.334,2.485,7.861,64.143
8630.0,6.651,2.458,7.854,64.990
8632.0,6.351,2.493,7.831,66.049
8634.0,5.851,2.525,7.827,57.369
8636.0,6.200,2.514,7.824,67.530
8638.0,6.470,2.493,7.826,72.399
8640.0,5.972,2.528,7.832,74.728
8642.0,6.917,2.514,7.840,69.859
8644.0,6.360,2.524,7.841,75.575
8646.0,6.650,2.507,7.838,72.611
8648.0,6.008,2.515,7.837,78.538
8650.0,5.527,2.518,7.827,85.948
8652.0,6.157,2.487,7.819,74.516
8654.0,6.112,2.490,7.822,66.684
8656.0,6.847,2.457,7.821,64.778
8658.0,5.623,2.503,7.821,87.853
8660.0,5.027,2.532,7.816,98.438
8662.0,4.967,2.577,7.818,105.000
8664.0,5.249,2.542,7.821,118.760
8666.0,5.110,2.520,7.816,108.599
8668.0,5.596,2.529,7.817,90.817
8670.0,5.419,2.554,7.817,101.190
8672.0,5.569,2.534,7.821,102.671
8674.0,8.169,2.494,7.826,83.831
8676.0,5.712,2.457,7.816,87.853
8678.0,6.182,2.462,7.807,97.591
8680.0,9.096,2.411,7.817,84.677
8682.0,10.152,2.395,7.826,87.853
8684.0,7.918,2.446,7.848,95.474
8686.0,7.247,2.477,7.852,60.968
8688.0,6.889,2.478,7.851,76.210
8690.0,5.335,2.518,7.838,78.538
8692.0,4.456,2.605,7.792,77.268
8694.0,4.617,2.568,7.792,97.379
8696.0,5.019,2.544,7.791,98.649
8698.0,5.721,2.535,7.806,104.577
8700.0,5.111,2.481,7.810,98.438
8702.0,4.673,2.535,7.802,91.663
8704.0,4.101,2.524,7.785,89.758
8706.0,4.198,2.560,7.775,103.307
8708.0,4.190,2.567,7.777,90.182
8710.0,4.272,2.577,7.771,103.518
8712.0,3.912,2.588,7.776,88.700
8714.0,3.617,2.595,7.791,100.131
8716.0,3.473,2.580,7.804,108.387
8718.0,4.358,2.585,7.803,82.349
8720.0,3.805,2.589,7.802,96.956
8722.0,3.921,2.614,7.804,104.365
8724.0,3.824,2.587,7.806,96.321
8726.0,4.605,2.550,7.807,102.883
8728.0,6.303,2.523,7.813,86.794
8730.0,6.482,2.513,7.824,79.385
8732.0,5.693,2.533,7.835,87.430
8734.0,4.757,2.502,7.832,98.649
8736.0,4.583,2.545,7.828,107.540
8738.0,6.504,2.533,7.811,80.444
8740.0,6.303,2.535,7.813,82.561
8742.0,5.718,2.535,7.818,92.087
8744.0,6.089,2.523,7.826,84.677
8746.0,5.696,2.536,7.832,96.956
8748.0,4.471,2.550,7.824,86.159
8750.0,4.400,2.581,7.822,82.984
8752.0,4.552,2.579,7.828,92.722
8754.0,8.007,2.531,7.831,63.085
8756.0,7.796,2.572,7.863,68.800
8758.0,7.014,2.483,7.913,84.889
8760.0,7.071,2.450,7.907,100.766
8762.0,6.267,2.430,7.867,100.555
8764.0,6.065,2.489,7.845,84.889
8766.0,5.820,2.485,7.844,90.817
8768.0,7.113,2.484,7.844,97.379
8770.0,6.219,2.501,8.027,90.605
8772.0,6.147,2.474,8.029,98.014
8774.0,5.288,2.487,8.028,84.677
8776.0,4.517,2.511,8.029,93.145
8778.0,4.809,2.578,8.027,111.563
8780.0,4.920,2.607,8.022,88.488
8782.0,3.669,2.601,8.024,87.853
8784.0,4.060,2.596,8.022,89.758
8786.0,3.779,2.582,8.023,95.474
8788.0,3.255,2.590,8.021,105.000
8790.0,3.570,2.601,8.023,88.488
8792.0,3.765,2.599,8.023,98.861
8794.0,4.982,2.584,8.024,107.540
8796.0,6.242,2.600,8.028,102.248
8798.0,6.141,2.605,8.028,92.087
8800.0,6.033,2.610,8.035,75.998
8802.0,6.169,2.770,8.035,32.178
8804.0,6.478,2.772,8.030,14.819
8806.0,7.548,2.804,8.025,16.936
8808.0,8.635,2.801,8.025,14.395
8810.0,8.656,2.750,8.024,19.052
8812.0,8.921,2.764,8.038,20.111
8814.0,7.448,2.709,8.044,48.054
8816.0,3.946,2.573,8.045,70.917
8818.0,3.589,2.617,8.036,73.669
8820.0,3.343,2.604,8.029,62.873
8822.0,3.894,2.611,8.028,67.530
8824.0,6.085,2.700,8.029,47.208
8826.0,4.104,2.622,8.031,60.544
8828.0,5.036,2.641,8.030,53.347
8830.0,3.963,2.566,8.029,68.800
8832.0,3.182,2.593,8.031,71.552
8834.0,2.671,2.619,8.031,71.976
8836.0,3.158,2.659,8.027,79.809
8838.0,4.412,2.732,8.024,62.661
8840.0,5.391,2.826,8.023,26.885
8842.0,6.914,2.723,8.025,38.528
8844.0,7.649,2.707,8.032,35.988
8846.0,9.036,2.688,8.045,34.294
8848.0,10.764,2.691,8.047,33.236
8850.0,10.836,2.669,8.043,22.016
8852.0,10.283,2.714,8.041,23.921
8854.0,9.404,2.734,8.036,23.498
8856.0,7.237,2.748,8.030,31.754
8858.0,6.633,2.732,8.027,33.024
8860.0,8.097,2.778,8.027,27.097
8862.0,6.692,2.761,8.024,26.462
8864.0,8.030,2.724,8.025,29.637
8866.0,7.518,2.751,8.027,30.484
8868.0,6.115,2.803,8.028,15.665
8870.0,6.417,2.782,8.031,13.760
8872.0,5.335,2.830,8.028,20.111
8874.0,4.780,2.833,8.025,16.089
8876.0,5.098,2.831,8.023,18.206
8878.0,5.164,2.771,8.023,27.097
8880.0,5.870,2.809,8.025,23.921
8882.0,6.443,2.788,8.027,23.075
8884.0,5.942,2.814,8.030,24.768
8886.0,5.633,2.820,8.033,19.476
8888.0,4.917,2.842,8.031,20.534
8890.0,6.353,2.795,8.027,21.169
8892.0,5.646,2.758,8.025,22.439
8894.0,4.988,2.809,8.028,27.944
8896.0,4.581,2.793,8.025,18.841
8898.0,4.477,2.798,8.027,26.250
8900.0,4.624,2.787,8.026,24.133
8902.0,4.595,2.805,8.026,19.052
8904.0,4.923,2.818,8.028,16.936
8906.0,6.166,2.824,8.025,7.409
8908.0,7.052,2.818,8.023,6.986
8910.0,8.529,2.837,8.022,8.044
8912.0,8.377,2.851,8.043,7.198
8914.0,8.308,2.873,8.052,6.986
8916.0,7.862,2.854,8.051,4.446
8918.0,7.383,2.849,8.052,6.774
8920.0,7.597,2.879,8.052,7.409
8922.0,7.883,2.856,8.053,5.292
8924.0,7.920,2.828,8.054,8.044
8926.0,8.070,2.801,8.050,8.679
8928.0,9.488,2.775,8.046,7.621
8930.0,9.140,2.778,8.046,8.468
8932.0,8.579,2.824,8.057,17.782
8934.0,6.338,2.781,8.066,21.169
8936.0,5.439,2.788,8.064,17.782
8938.0,5.068,2.773,8.030,20.323
8940.0,4.378,2.789,8.027,15.242
8942.0,4.709,2.796,8.027,19.264
8944.0,6.458,2.781,8.034,17.994
8946.0,10.036,2.741,8.075,25.615
8948.0,9.353,2.755,8.111,29.849
8950.0,10.098,2.754,8.116,33.236
8952.0,10.083,2.721,8.103,25.827
8954.0,9.555,2.736,8.098,22.651
8956.0,7.701,2.744,8.108,22.651
8958.0,5.467,2.766,8.073,18.629
8960.0,5.374,2.777,8.024,30.061
8962.0,5.038,2.762,8.020,24.133
8964.0,4.965,2.776,8.016,23.286
8966.0,4.568,2.813,8.012,26.038
8968.0,4.265,2.802,8.015,27.097
8970.0,4.658,2.790,8.024,28.155
8972.0,4.554,2.805,8.057,28.155
8974.0,4.176,2.775,8.102,24.980
8976.0,3.884,2.784,8.005,19.052
8978.0,4.171,2.773,7.976,19.688
8980.0,3.903,2.812,7.972,22.228
8982.0,4.888,2.782,7.965,30.061
8984.0,6.288,2.702,7.966,71.764
8986.0,8.264,2.619,7.966,58.428
8988.0,9.601,2.667,7.974,45.303
8990.0,9.277,2.686,7.977,50.383
8992.0,5.870,2.697,7.982,74.516
8994.0,5.083,2.614,7.981,80.020
8996.0,5.660,2.602,7.981,82.349
8998.0,5.233,2.619,7.978,72.399
9000.0,4.655,2.616,7.966,76.421
9002.0,3.676,2.631,7.966,69.012
9004.0,3.349,2.668,7.969,69.224
9006.0,3.834,2.687,7.976,74.940
9008.0,4.113,2.608,7.976,72.611
9010.0,4.894,2.607,7.979,74.728
9012.0,4.491,2.593,7.979,78.750
9014.0,4.250,2.582,7.975,74.516
9016.0,4.476,2.594,7.963,77.692
9018.0,5.324,2.629,7.965,81.714
9020.0,6.072,2.668,7.966,71.552
9022.0,3.744,2.642,7.968,80.232
9024.0,3.997,2.636,7.970,61.179
9026.0,3.869,2.635,7.973,65.202
9028.0,4.037,2.627,7.976,78.538
9030.0,3.825,2.631,7.977,64.778
9032.0,3.441,2.623,7.972,61.815
9034.0,4.575,2.628,7.970,69.012
9036.0,4.084,2.650,7.970,75.363
9038.0,3.618,2.614,7.970,73.246
9040.0,3.900,2.660,7.971,76.845
9042.0,4.684,2.629,7.970,73.669
9044.0,4.708,2.579,7.969,63.931
9046.0,4.695,2.589,7.970,61.815
9048.0,3.902,2.588,7.970,67.954
9050.0,3.985,2.607,7.967,87.853
9052.0,4.894,2.626,7.970,75.363
9054.0,4.986,2.627,7.969,69.859
9056.0,5.189,2.600,7.974,79.809
9058.0,4.820,2.607,7.973,71.976
9060.0,4.301,2.611,7.972,65.837
9062.0,4.387,2.619,7.968,73.246
9064.0,4.567,2.600,7.972,78.327
9066.0,5.741,2.641,7.970,63.085
9068.0,4.246,2.656,7.970,55.040
9070.0,4.006,2.640,7.967,80.020
9072.0,4.416,2.629,7.968,75.363
9074.0,3.471,2.639,7.972,66.260
9076.0,3.417,2.639,7.970,63.085
9078.0,3.703,2.643,7.965,67.954
9080.0,6.597,2.737,7.964,40.645
9082.0,7.736,2.731,7.973,29.425
9084.0,7.110,2.741,7.988,37.470
9086.0,7.196,2.760,7.991,24.133
9088.0,4.385,2.648,7.986,61.179
9090.0,4.009,2.622,7.967,73.246
9092.0,4.309,2.618,7.964,70.282
9094.0,3.977,2.624,7.959,65.837
9096.0,3.787,2.602,7.963,71.764
9098.0,3.726,2.624,7.966,74.093
9100.0,3.643,2.642,7.960,65.837
9102.0,3.569,2.648,7.950,68.589
9104.0,3.852,2.591,7.956,72.188
9106.0,4.263,2.603,7.957,75.786
9108.0,3.996,2.588,7.961,69.012
9110.0,3.816,2.639,7.951,59.486
9112.0,5.972,2.719,7.954,37.470
9114.0,5.010,2.704,7.955,59.698
9116.0,4.516,2.633,7.955,54.194
9118.0,4.763,2.639,7.958,72.611
9120.0,4.211,2.618,7.954,89.970
9122.0,4.286,2.600,7.949,74.940
9124.0,4.401,2.610,7.949,59.909
9126.0,4.067,2.621,7.958,64.567
9128.0,3.871,2.616,7.962,69.224
9130.0,3.643,2.648,7.963,64.143
9132.0,3.830,2.634,7.972,73.246
9134.0,3.840,2.632,7.971,85.736
9136.0,3.939,2.625,7.975,72.823
9138.0,4.292,2.625,7.980,65.625
9140.0,4.540,2.619,7.987,70.917
9142.0,6.910,2.543,8.002,79.809
9144.0,5.024,2.617,8.027,72.399
9146.0,4.040,2.618,8.025,74.728
9148.0,4.019,2.614,7.980,70.071
9150.0,3.813,2.583,7.964,87.218
9152.0,3.655,2.613,7.957,78.962
9154.0,3.660,2.659,7.957,76.210
9156.0,3.698,2.593,7.958,77.057
9158.0,3.457,2.630,7.960,74.093
9160.0,3.454,2.621,7.962,72.188
9162.0,3.518,2.615,7.965,74.940
9164.0,3.359,2.601,7.960,74.093
9166.0,3.240,2.594,7.960,79.809
9168.0,3.193,2.594,7.961,79.809
9170.0,3.122,2.640,7.964,68.165
9172.0,3.353,2.639,7.981,69.436
9174.0,3.019,2.645,7.985,71.341
9176.0,2.701,2.635,7.987,78.962
9178.0,2.981,2.634,7.991,69.647
9180.0,3.223,2.641,7.985,73.034
9182.0,1.892,2.665,7.978,82.349
9184.0,2.234,2.655,7.973,67.319
9186.0,2.163,2.658,7.968,70.706
9188.0,2.346,2.629,7.967,74.940
9190.0,2.617,2.634,7.967,69.859
9192.0,2.685,2.640,7.967,73.458
9194.0,2.672,2.627,7.968,71.764
9196.0,2.894,2.680,7.975,74.728
9198.0,3.055,2.690,7.975,83.196
9200.0,2.825,2.673,7.968,81.502
9202.0,2.463,2.680,7.966,83.196
9204.0,7.435,2.607,7.965,77.903
9206.0,5.640,2.596,7.965,80.867
9208.0,4.271,2.627,7.977,70.917
9210.0,5.930,2.591,7.977,58.851
9212.0,6.632,2.591,7.977,60.544
9214.0,7.809,2.590,7.976,60.544
9216.0,7.170,2.564,7.975,61.391
9218.0,6.691,2.569,7.974,62.661
9220.0,6.524,2.585,7.974,56.311
9222.0,7.987,2.535,7.972,60.333
9224.0,7.846,2.571,7.972,58.004
9226.0,9.393,2.556,7.973,59.274
9228.0,8.453,2.565,7.982,64.143
9230.0,7.395,2.562,7.988,51.442
9232.0,8.498,2.549,8.005,56.522
9234.0,8.591,2.501,8.011,71.976
9236.0,7.082,2.506,8.019,81.925
9238.0,6.033,2.562,8.023,82.561
9240.0,6.532,2.565,8.056,67.107
9242.0,5.190,2.633,8.049,80.232
9244.0,8.165,2.590,8.007,79.809
9246.0,7.729,2.518,8.011,67.530
9248.0,7.101,2.595,8.032,73.246
9250.0,4.968,2.610,8.009,73.034
9252.0,5.067,2.588,7.971,53.135
9254.0,8.102,2.631,7.964,52.288
9256.0,7.785,2.607,7.963,53.135
9258.0,8.398,2.619,7.959,51.018
9260.0,9.472,2.746,7.963,49.113
9262.0,7.657,2.677,7.965,35.776
9264.0,6.817,2.558,7.963,57.157
9266.0,7.046,2.566,7.957,70.706
9268.0,6.563,2.560,7.956,64.778
9270.0,7.666,2.521,7.955,57.792
9272.0,6.859,2.571,7.956,80.867
9274.0,8.977,2.548,7.955,66.049
9276.0,8.777,2.522,7.954,63.931
9278.0,8.417,2.531,7.957,64.567
9280.0,9.197,2.551,7.957,75.998
9282.0,8.424,2.535,7.957,84.677
9284.0,8.516,2.579,7.957,60.756
9286.0,9.633,2.558,7.960,57.157
9288.0,8.060,2.538,7.965,61.391
9290.0,6.031,2.589,7.967,59.486
9292.0,6.691,2.590,7.948,59.698
9294.0,7.875,2.545,7.945,55.887
9296.0,5.705,2.569,7.947,61.603
9298.0,5.828,2.564,7.942,67.107
9300.0,5.221,2.571,7.942,77.480
9302.0,6.743,2.606,7.955,75.786
9304.0,7.173,2.579,7.954,72.611
9306.0,7.232,2.581,7.955,66.684
9308.0,9.593,2.552,7.956,56.734
9310.0,11.472,2.505,7.959,59.909
9312.0,11.121,2.494,7.959,53.559
9314.0,10.701,2.525,7.958,58.639
9316.0,10.595,2.512,7.959,46.573
9318.0,9.998,2.515,7.959,46.996
9320.0,9.808,2.526,7.959,51.018
9322.0,9.487,2.598,7.949,46.149
9324.0,6.644,2.655,7.947,41.704
9326.0,7.149,2.616,7.945,51.442
9328.0,8.951,2.583,7.947,54.194
9330.0,8.326,2.542,7.952,63.085
9332.0,6.926,2.557,7.959,68.800
9334.0,7.179,2.575,7.957,61.179
9336.0,11.239,2.717,7.953,40.222
9338.0,10.738,2.792,7.949,20.746
9340.0,11.732,2.783,7.953,34.718
9342.0,7.876,2.695,7.953,46.573
9344.0,9.220,2.556,7.953,68.800
9346.0,10.924,2.519,7.948,64.990
9348.0,11.073,2.503,7.954,65.413
9350.0,6.095,2.525,7.953,66.684
9352.0,6.701,2.563,7.949,71.341
9354.0,5.487,2.546,7.946,70.494
9356.0,5.150,2.571,7.941,69.224
9358.0,5.336,2.597,7.946,75.998
9360.0,5.367,2.601,7.947,73.669
9362.0,5.264,2.629,7.951,71.552
9364.0,5.426,2.619,7.952,75.998
9366.0,5.038,2.576,7.942,70.706
9368.0,7.292,2.577,7.951,67.954
9370.0,8.623,2.550,7.957,53.347
9372.0,7.013,2.519,7.987,54.194
9374.0,5.063,2.562,7.993,72.399
9376.0,3.155,2.607,7.970,80.020
9378.0,2.563,2.640,7.944,78.327
9380.0,2.947,2.646,7.940,73.881
9382.0,4.843,2.758,7.942,48.266
9384.0,2.256,2.693,7.942,63.508
9386.0,2.333,2.675,7.940,82.984
9388.0,2.478,2.624,7.941,77.480
9390.0,2.663,2.654,7.940,87.006
9392.0,2.874,2.635,7.939,89.335
9394.0,3.239,2.602,7.938,66.472
9396.0,3.159,2.628,7.933,67.742
9398.0,2.525,2.617,7.931,84.042
9400.0,2.109,2.653,7.930,78.538
9402.0,1.836,2.632,7.929,76.421
9404.0,1.703,2.643,7.926,68.800
9406.0,1.917,2.640,7.930,69.012
9408.0,2.084,2.627,7.931,73.246
9410.0,1.873,2.630,7.940,76.633
9412.0,1.960,2.638,7.930,59.486
9414.0,1.781,2.645,7.935,80.232
9416.0,1.985,2.665,7.935,82.984
9418.0,2.352,2.643,7.937,71.341
9420.0,2.502,2.641,7.937,63.508
9422.0,2.938,2.650,7.935,73.669
9424.0,2.340,2.640,7.940,84.677
9426.0,2.297,2.644,7.942,80.867
9428.0,2.868,2.637,7.943,77.903
9430.0,2.994,2.619,7.941,74.093
9432.0,3.101,2.649,7.943,84.889
9434.0,3.264,2.631,7.944,74.728
9436.0,3.188,2.625,7.944,71.552
9438.0,3.156,2.634,7.945,70.494
9440.0,3.011,2.615,7.945,68.800
9442.0,2.767,2.631,7.946,86.583
9444.0,3.190,2.654,7.947,71.552
9446.0,3.024,2.641,7.948,85.736
9448.0,2.767,2.643,7.952,71.129
9450.0,5.665,2.667,7.959,49.325
9452.0,7.213,2.610,7.970,44.244
9454.0,7.302,2.588,7.982,55.675
9456.0,7.160,2.555,7.997,54.194
9458.0,5.968,2.596,7.997,56.099
9460.0,3.642,2.623,7.980,66.895
9462.0,3.677,2.628,7.944,66.895
9464.0,3.495,2.629,7.935,67.107
9466.0,3.213,2.642,7.930,77.480
9468.0,4.441,2.623,7.929,86.371
9470.0,7.619,2.471,7.925,97.803
9472.0,8.471,2.420,7.930,90.393
9474.0,7.359,2.409,7.939,91.028
9476.0,4.895,2.504,7.951,82.561
9478.0,2.741,2.635,7.947,81.290
9480.0,2.716,2.641,7.936,65.625
9482.0,2.922,2.659,7.932,71.764
9484.0,2.971,2.629,7.931,76.421
9486.0,2.880,2.629,7.932,76.210
9488.0,2.727,2.650,7.933,75.575
9490.0,2.817,2.638,7.933,84.042
9492.0,2.732,2.610,7.935,68.377
9494.0,2.629,2.598,7.935,68.377
9496.0,2.938,2.607,7.933,69.436
9498.0,2.839,2.646,7.933,69.012
9500.0,2.781,2.623,7.936,81.714
9502.0,2.622,2.631,7.935,75.998
9504.0,3.156,2.610,7.934,78.115
9506.0,3.401,2.602,7.932,72.188
9508.0,2.703,2.624,7.941,68.589
9510.0,2.512,2.630,7.934,62.661
9512.0,2.832,2.667,7.926,64.567
9514.0,3.124,2.638,7.926,67.742
9516.0,3.527,2.624,7.923,79.597
9518.0,3.385,2.634,7.923,68.377
9520.0,2.615,2.641,7.926,79.174
9522.0,3.106,2.650,7.929,67.107
9524.0,5.307,2.628,7.929,63.085
9526.0,6.169,2.452,7.925,91.240
9528.0,6.391,2.435,7.927,99.919
9530.0,6.303,2.441,7.929,102.671
9532.0,6.452,2.434,7.928,100.978
9534.0,5.306,2.432,7.925,95.262
9536.0,4.766,2.483,7.923,89.970
9538.0,4.032,2.505,7.926,92.299
9540.0,3.286,2.615,7.923,81.502
9542.0,3.560,2.629,7.922,84.042
9544.0,4.201,2.617,7.915,61.391
9546.0,3.178,2.626,7.921,65.202
9548.0,3.356,2.635,7.920,71.976
9550.0,3.171,2.617,7.923,79.385
9552.0,2.756,2.631,7.924,68.165
9554.0,2.581,2.614,7.925,69.436
9556.0,2.897,2.614,7.922,70.706
9558.0,3.305,2.615,7.920,71.129
9560.0,2.923,2.621,7.921,63.297
9562.0,2.797,2.607,7.921,69.436
9564.0,2.562,2.618,7.923,78.327
9566.0,2.918,2.580,7.922,67.319
9568.0,3.092,2.599,7.919,71.976
9570.0,2.899,2.622,7.919,86.794
9572.0,3.050,2.653,7.919,78.327
9574.0,3.564,2.634,7.920,75.151
9576.0,3.572,2.634,7.922,79.597
9578.0,3.488,2.610,7.929,72.399
9580.0,3.423,2.587,7.922,70.917
9582.0,4.959,2.604,7.918,79.597
9584.0,4.730,2.476,7.916,94.839
9586.0,4.279,2.478,7.919,93.357
9588.0,3.615,2.604,7.921,73.034
9590.0,3.186,2.626,7.923,78.962
9592.0,3.254,2.620,7.922,75.998
9594.0,3.358,2.620,7.919,61.179
9596.0,3.330,2.596,7.919,77.268
9598.0,3.612,2.575,7.914,84.677
9600.0,3.554,2.591,7.914,66.260
9602.0,3.950,2.617,7.914,73.246
9604.0,4.165,2.566,7.916,86.371
9606.0,3.731,2.566,7.917,69.012
9608.0,3.647,2.585,7.916,76.633
9610.0,3.968,2.592,7.917,73.669
9612.0,4.284,2.587,7.918,71.976
9614.0,5.523,2.521,7.916,89.335
9616.0,4.958,2.500,7.918,85.948
9618.0,4.008,2.574,7.929,68.800
9620.0,4.018,2.611,7.920,81.079
9622.0,4.264,2.582,7.917,73.881
9624.0,4.329,2.575,7.918,78.962
9626.0,4.330,2.603,7.916,81.290
9628.0,4.082,2.585,7.918,80.232
9630.0,4.017,2.592,7.922,78.750
9632.0,3.686,2.618,7.918,85.524
9634.0,3.442,2.590,7.917,84.254
9636.0,3.244,2.598,7.916,74.516
9638.0,6.038,2.697,7.915,68.165
9640.0,8.457,2.830,7.916,17.571
9642.0,7.980,2.747,7.920,18.629
9644.0,9.330,2.739,7.927,16.936
9646.0,8.114,2.840,7.941,10.161
9648.0,5.339,2.824,7.952,26.673
9650.0,3.261,2.646,7.948,62.238
9652.0,2.845,2.617,7.938,73.458
9654.0,3.312,2.631,7.910,64.990
9656.0,3.374,2.589,7.907,67.742
9658.0,3.431,2.570,7.901,70.917
9660.0,3.457,2.604,7.902,62.873
9662.0,3.139,2.598,7.903,64.355
9664.0,3.572,2.615,7.908,60.756
9666.0,3.107,2.620,7.906,67.954
9668.0,2.754,2.590,7.892,71.552
9670.0,3.495,2.513,7.888,92.087
9672.0,4.176,2.511,7.894,82.137
9674.0,6.755,2.672,7.900,49.536
9676.0,7.093,2.718,7.905,35.565
9678.0,6.222,2.620,7.914,65.837
9680.0,6.226,2.421,7.915,82.137
9682.0,6.630,2.409,7.914,87.430
9684.0,5.599,2.412,7.912,97.168
9686.0,4.654,2.455,7.907,97.379
9688.0,4.120,2.461,7.901,101.401
9690.0,4.419,2.466,7.900,94.415
9692.0,4.989,2.525,7.900,94.486
9694.0,6.363,2.714,7.903,38.952
9696.0,6.101,2.677,7.914,38.317
9698.0,2.596,2.686,7.914,48.266
9700.0,3.328,2.688,7.902,73.458
9702.0,3.887,2.661,7.895,80.020
9704.0,3.034,2.667,7.895,87.853
9706.0,2.974,2.618,7.894,83.407
9708.0,3.007,2.632,7.897,88.700
9710.0,2.778,2.599,7.916,69.859
9712.0,2.576,2.595,7.907,70.282
9714.0,2.618,2.597,7.899,86.794
9716.0,2.567,2.646,7.897,79.597
9718.0,2.623,2.670,7.900,82.984
9720.0,2.743,2.606,7.902,70.706
9722.0,2.844,2.634,7.910,62.238
9724.0,2.271,2.644,7.922,71.552
9726.0,2.348,2.618,7.894,68.800
9728.0,2.436,2.636,7.891,65.413
9730.0,2.419,2.612,7.891,80.867
9732.0,2.806,2.608,7.888,81.290
9734.0,2.349,2.601,7.890,70.706
9736.0,2.355,2.642,7.891,75.998
9738.0,2.133,2.675,7.885,95.897
9740.0,2.156,2.640,7.887,96.109
9742.0,2.386,2.667,7.895,82.561
9744.0,2.367,2.659,7.891,82.137
9746.0,2.392,2.641,7.893,67.319
9748.0,1.968,2.641,7.888,63.720
9750.0,1.990,2.631,7.886,71.341
9752.0,2.684,2.636,7.882,67.107
9754.0,2.366,2.631,7.894,80.444
9756.0,2.071,2.642,7.890,78.327
9758.0,2.214,2.636,7.891,92.722
9760.0,2.272,2.646,7.887,84.889
9762.0,2.043,2.616,7.877,75.151
9764.0,3.742,2.704,7.888,58.851
9766.0,5.590,2.762,7.889,37.258
9768.0,5.674,2.735,7.893,49.536
9770.0,5.160,2.757,7.899,48.478
9772.0,3.227,2.762,7.899,40.645
9774.0,2.867,2.776,7.903,36.200
9776.0,2.637,2.794,7.889,37.258
9778.0,2.652,2.775,7.896,30.907
9780.0,2.628,2.801,7.893,36.623
9782.0,2.343,2.843,7.903,40.857
9784.0,2.296,2.830,7.901,43.397
9786.0,2.729,2.804,7.890,40.222
9788.0,2.893,2.760,7.885,54.617
9790.0,3.693,2.803,7.879,33.448
9792.0,5.848,2.792,7.877,41.280
9794.0,3.760,2.755,7.876,43.821
9796.0,1.904,2.622,7.872,62.450
9798.0,1.966,2.618,7.851,78.115
9800.0,1.724,2.646,7.848,77.692
9802.0,1.825,2.637,7.846,62.873
9804.0,2.119,2.627,7.852,93.569
9806.0,2.229,2.631,7.859,70.917
9808.0,2.313,2.618,7.859,74.305
9810.0,2.244,2.622,7.852,81.714
9812.0,2.172,2.624,7.844,76.633
9814.0,2.288,2.649,7.863,66.684
9816.0,4.469,2.700,7.868,59.486
9818.0,6.166,2.777,7.871,32.601
9820.0,7.506,2.801,7.882,18.206
9822.0,4.700,2.769,7.877,24.768
9824.0,3.195,2.667,7.876,58.216
9826.0,2.401,2.631,7.882,79.809
9828.0,2.194,2.603,7.859,91.875
9830.0,2.132,2.603,7.860,86.583
9832.0,2.075,2.660,7.855,72.611
9834.0,1.837,2.644,7.845,81.079
9836.0,1.765,2.632,7.845,78.962
9838.0,2.149,2.640,7.847,81.714
9840.0,2.290,2.640,7.848,91.452
9842.0,1.892,2.622,7.850,72.823
9844.0,2.060,2.624,7.843,80.867
9846.0,2.443,2.618,7.839,82.349
9848.0,3.307,2.631,7.838,77.692
9850.0,2.277,2.633,7.841,80.020
9852.0,2.042,2.638,7.839,87.006
9854.0,1.609,2.620,7.838,74.728
9856.0,1.360,2.635,7.846,90.182
9858.0,1.520,2.639,7.842,82.561
9860.0,1.702,2.669,7.834,75.998
9862.0,1.943,2.667,7.838,77.692
9864.0,2.449,2.643,7.841,77.268
9866.0,2.222,2.637,7.855,68.589
9868.0,2.201,2.634,7.834,81.502
9870.0,2.682,2.662,7.830,87.641
9872.0,2.203,2.640,7.941,78.962
9874.0,2.195,2.648,7.954,79.597
9876.0,2.143,2.626,7.901,78.115
9878.0,2.034,2.645,7.868,79.809
9880.0,2.050,2.610,7.859,88.700
9882.0,2.167,2.593,7.856,87.006
9884.0,1.948,2.640,7.848,77.692
9886.0,1.923,2.625,7.850,64.990
9888.0,1.651,2.621,7.854,78.750
9890.0,2.310,2.646,7.842,75.363
9892.0,1.957,2.652,7.836,77.692
9894.0,2.250,2.626,7.833,72.188
9896.0,2.295,2.640,7.826,87.641
9898.0,2.311,2.609,7.814,84.395
9900.0,2.270,2.595,7.812,81.290
9902.0,2.226,2.633,7.815,77.057
9904.0,2.323,2.636,7.880,83.831
9906.0,2.148,2.608,7.871,74.940
9908.0,2.334,2.623,7.879,78.327
9910.0,2.165,2.628,7.890,79.809
9912.0,2.240,2.623,7.902,69.436
9914.0,2.996,2.639,7.873,63.508
9916.0,2.716,2.634,7.864,71.129
9918.0,2.099,2.622,7.865,89.335
9920.0,1.893,2.644,7.863,89.546
9922.0,1.869,2.604,7.864,91.452
9924.0,1.888,2.575,7.865,84.677
9926.0,1.471,2.580,7.866,95.474
9928.0,1.446,2.601,7.869,67.319
9930.0,1.341,2.533,7.859,63.085
9932.0,1.900,2.562,7.865,66.049
9934.0,2.466,2.643,7.853,77.480
9936.0,2.808,2.636,7.874,71.976
9938.0,2.336,2.639,7.876,66.895
9940.0,2.041,2.624,7.886,80.232
9942.0,1.860,2.619,7.885,75.363
9944.0,2.188,2.643,7.891,80.938
9946.0,2.131,2.637,7.878,77.268
9948.0,2.369,2.634,7.885,91.240
9950.0,1.809,2.632,7.886,75.151
9952.0,1.325,2.634,7.889,81.925
9954.0,1.817,2.602,7.873,113.256
9956.0,2.914,2.528,7.873,135.696
9958.0,3.697,2.545,7.870,121.301
9960.0,3.867,2.538,7.897,121.936
9962.0,3.038,2.546,7.910,140.071
9964.0,1.849,2.580,7.901,124.264
9966.0,2.484,2.532,7.697,
9968.0,2.820,2.525,7.690,
9970.0,3.595,2.524,7.689,
9972.0,3.635,2.517,7.697,
9974.0,3.667,2.508,7.620,
9976.0,3.745,2.521,7.551,
9978.0,4.153,2.538,7.006,
9980.0,4.534,2.555,6.479,
