md_ft,tvd_ft,temp_C,press_psia
0.0,0.0,12.28,12.2
30.0,30.0,12.22,12.2
60.0,60.0,12.17,12.2
90.0,90.0,12.11,12.3
120.0,120.0,12.11,12.3
150.0,150.0,12.06,12.4
180.0,180.0,12.06,12.5
210.0,210.0,12.06,12.3
240.0,240.0,12.0,12.3
270.0,270.0,12.0,12.4
300.0,300.0,12.06,12.3
330.0,330.0,12.06,12.3
360.0,360.0,12.06,12.4
390.0,390.0,12.0,12.4
420.0,420.0,12.0,12.3
450.0,450.0,12.22,18.8
480.0,480.0,12.67,23.0
510.0,509.9,15.61,39.1
540.0,539.9,16.72,54.0
570.0,569.9,17.22,65.7
600.0,599.9,17.94,80.7
630.0,629.9,18.78,97.8
660.0,659.9,19.67,112.4
690.0,689.8,20.39,123.1
720.0,719.8,21.28,134.6
750.0,749.8,21.89,144.6
780.0,779.8,22.94,156.2
810.0,809.8,23.72,168.6
840.0,839.8,25.56,183.6
870.0,869.7,26.56,196.8
900.0,899.7,27.89,208.6
930.0,929.7,29.33,223.1
960.0,959.7,30.39,237.0
990.0,989.6,31.94,252.2
1020.0,1019.6,33.39,267.6
1050.0,1049.6,34.06,277.9
1080.0,1079.5,34.83,288.5
1110.0,1109.5,36.0,301.3
1140.0,1139.5,36.67,311.6
1170.0,1169.4,37.5,322.7
1200.0,1199.4,38.78,339.5
1230.0,1229.4,40.06,356.3
1260.0,1259.4,41.06,367.1
1290.0,1289.3,42.17,378.8
1320.0,1319.3,43.72,394.0
1350.0,1349.2,45.06,408.9
1380.0,1379.2,46.17,421.5
1410.0,1409.2,47.0,431.8
1440.0,1439.1,48.22,446.3
1470.0,1469.1,49.5,461.6
1500.0,1499.1,50.28,471.1
1530.0,1529.1,51.44,484.0
1560.0,1559.0,52.56,497.7
1590.0,1589.0,53.72,510.4
1620.0,1618.9,54.67,521.1
1650.0,1648.9,55.78,533.5
1680.0,1678.8,57.11,548.2
1710.0,1708.8,58.5,564.0
1740.0,1738.7,59.5,575.4
1770.0,1768.7,60.17,584.3
1800.0,1798.7,61.44,597.1
1830.0,1828.6,62.39,608.4
1860.0,1858.6,63.06,616.7
1890.0,1888.6,63.78,624.9
1920.0,1918.5,64.56,632.7
1950.0,1948.5,65.61,645.4
1980.0,1978.5,67.33,664.7
2010.0,2008.4,69.39,688.8
2040.0,2038.4,70.5,701.4
2070.0,2068.3,71.67,714.0
2100.0,2098.3,73.0,728.9
2130.0,2128.2,74.06,741.4
2160.0,2158.1,75.33,756.1
2190.0,2188.0,76.72,770.8
2220.0,2218.0,77.67,782.3
2250.0,2247.9,78.89,795.9
2280.0,2277.7,79.72,804.1
2310.0,2307.6,80.61,814.8
2340.0,2337.5,81.56,825.6
2370.0,2367.3,82.5,835.4
2400.0,2397.1,83.94,850.4
2430.0,2426.9,85.67,868.3
2460.0,2456.7,86.89,881.2
2490.0,2486.5,87.72,890.2
2520.0,2516.3,89.11,904.8
2550.0,2546.1,90.56,920.5
2580.0,2575.8,92.0,936.0
2610.0,2605.6,93.22,948.0
2640.0,2635.3,94.0,956.6
2670.0,2664.9,94.94,966.1
2700.0,2694.6,95.89,976.6
2730.0,2724.2,97.17,990.5
2760.0,2753.9,98.56,1007.1
2790.0,2783.5,99.94,1020.6
2820.0,2813.0,101.06,1032.3
2850.0,2842.5,102.44,1047.8
2880.0,2872.0,103.61,1059.9
2910.0,2901.5,104.67,1070.8
2940.0,2930.9,105.61,1080.0
2970.0,2960.3,106.5,1089.5
3000.0,2989.7,107.33,1099.0
3030.0,3019.2,108.5,1114.0
3060.0,3048.6,109.89,1129.5
3090.0,3078.0,111.22,1142.7
3120.0,3107.5,112.28,1153.3
3150.0,3136.8,113.39,1165.4
3180.0,3166.2,114.56,1178.1
3210.0,3195.5,115.78,1191.9
3240.0,3224.8,117.0,1205.0
3270.0,3254.1,118.17,1217.7
3300.0,3283.5,119.28,1229.2
3330.0,3312.8,120.28,1239.3
3360.0,3342.1,121.22,1250.1
3390.0,3371.4,122.17,1264.1
3420.0,3400.7,123.67,1277.3
3450.0,3430.0,124.56,1286.0
3480.0,3459.3,125.67,1298.4
3510.0,3488.5,126.89,1311.4
3540.0,3517.7,128.0,1322.7
3570.0,3546.9,128.89,1332.3
3600.0,3576.1,129.89,1344.9
3630.0,3605.3,131.39,1360.8
3660.0,3634.5,132.39,1370.5
3690.0,3663.7,133.5,1382.8
3720.0,3692.9,134.61,1395.6
3750.0,3722.1,135.72,1409.7
3780.0,3751.3,136.78,1420.7
3810.0,3780.5,137.67,1430.9
3840.0,3809.6,138.67,1442.0
3870.0,3838.9,139.61,1454.0
3900.0,3868.1,140.78,1464.8
3930.0,3897.4,141.61,1474.0
3960.0,3926.6,142.33,1487.0
3990.0,3955.9,143.89,1504.2
4016.0,3981.2,145.56,1518.0
4044.0,4008.5,146.33,1525.9
4072.0,4035.8,147.39,1539.7
4100.0,4063.2,148.33,1550.0
4128.0,4090.7,149.33,1561.7
4156.0,4118.2,150.11,1573.4
4184.0,4145.7,151.67,1584.3
4212.0,4173.2,153.28,1595.3
4240.0,4200.8,154.56,1605.7
4268.0,4228.3,155.61,1616.7
4296.0,4255.9,156.56,1628.2
4324.0,4283.5,157.56,1639.3
4352.0,4311.0,158.44,1649.8
4380.0,4338.6,159.33,1660.7
4408.0,4366.2,160.22,1671.4
4436.0,4393.8,161.17,1682.9
4464.0,4421.4,162.06,1693.7
4492.0,4449.0,163.06,1704.8
4520.0,4476.6,163.94,1715.1
4548.0,4504.1,164.89,1726.3
4576.0,4531.7,165.83,1737.6
4604.0,4559.3,166.67,1748.8
4632.0,4586.9,167.5,1758.8
4660.0,4614.4,168.44,1769.6
4688.0,4642.0,169.33,1780.4
4716.0,4669.5,170.28,1791.8
4744.0,4697.0,171.17,1803.0
4772.0,4724.6,172.0,1813.2
4800.0,4752.1,172.83,1823.7
4828.0,4779.6,173.67,1835.2
4856.0,4807.1,174.61,1845.5
4884.0,4834.6,175.5,1857.2
4912.0,4862.1,176.28,1867.9
4940.0,4889.7,177.11,1878.2
4968.0,4917.2,178.0,1888.6
4996.0,4944.7,178.89,1899.3
5024.0,4972.1,179.89,1910.8
5052.0,4999.6,180.67,1920.8
5080.0,5027.1,181.56,1931.8
5108.0,5054.5,182.5,1942.7
5136.0,5081.9,183.33,1952.6
5164.0,5109.3,184.28,1963.9
5192.0,5136.7,185.11,1975.4
5220.0,5164.0,185.94,1984.6
5248.0,5191.4,186.83,1995.1
5276.0,5218.7,187.72,2005.6
5304.0,5246.0,188.5,2016.6
5332.0,5273.3,189.39,2027.3
5360.0,5300.6,190.33,2038.1
5388.0,5327.9,191.22,2048.5
5416.0,5355.2,192.06,2058.1
5444.0,5382.5,193.0,2069.1
5472.0,5409.7,193.89,2080.1
5500.0,5437.0,194.67,2090.2
5528.0,5464.2,195.5,2099.8
5556.0,5491.5,196.39,2110.5
5584.0,5518.7,197.33,2121.1
5612.0,5545.8,198.33,2132.3
5640.0,5573.0,199.22,2143.1
5668.0,5600.1,200.0,2153.1
5696.0,5627.3,201.22,2168.8
5724.0,5654.4,201.72,2172.5
5752.0,5681.6,202.56,2183.6
5780.0,5708.7,203.39,2194.6
5808.0,5735.8,204.0,2203.1
5836.0,5763.0,205.0,2214.0
5864.0,5790.2,205.89,2224.7
5892.0,5817.4,206.61,2234.3
5920.0,5844.5,207.61,2246.0
5948.0,5871.8,208.39,2256.0
5976.0,5899.0,209.22,2266.3
6004.0,5926.2,210.11,2276.3
6032.0,5953.4,211.0,2286.3
6060.0,5980.7,211.78,2296.7
6088.0,6007.9,212.67,2308.0
6116.0,6035.1,213.39,2317.0
6144.0,6062.3,214.39,2327.3
6172.0,6089.6,215.33,2337.6
6200.0,6116.8,216.17,2348.2
6228.0,6144.1,217.11,2358.5
6256.0,6171.3,217.94,2368.0
6284.0,6198.6,218.83,2378.0
6312.0,6225.9,219.78,2388.3
6340.0,6253.1,220.67,2399.3
6368.0,6280.4,221.56,2409.4
6396.0,6307.7,222.39,2419.4
6424.0,6335.1,223.33,2429.1
6452.0,6362.4,224.22,2439.1
6480.0,6389.8,225.11,2449.9
6508.0,6417.2,225.72,2460.2
6536.0,6444.6,226.17,2470.1
6564.0,6471.9,227.11,2479.4
6592.0,6499.3,228.17,2489.4
6620.0,6526.7,229.17,2500.2
6648.0,6554.1,230.0,2510.9
6676.0,6581.5,230.78,2520.6
6704.0,6608.9,231.67,2530.7
6732.0,6636.3,232.56,2540.3
6760.0,6663.7,233.56,2550.3
6788.0,6691.1,234.33,2561.0
6816.0,6718.5,235.06,2571.2
6844.0,6745.9,235.94,2580.4
6872.0,6773.3,236.89,2590.4
6900.0,6800.7,237.39,2600.1
6928.0,6828.0,238.39,2610.9
6956.0,6855.4,239.11,2620.7
6984.0,6882.7,240.0,2630.8
7012.0,6910.0,240.78,2639.9
7040.0,6937.3,241.67,2649.2
7068.0,6968.7,242.56,2660.0
7096.0,7002.8,243.39,2670.5
7124.0,7036.8,244.28,2679.3
7152.0,7070.9,245.06,2689.4
7180.0,7102.2,245.94,2698.7
7208.0,7120.6,247.0,2709.1
7236.0,7139.0,247.78,2719.4
7264.0,7157.4,248.72,2728.7
7292.0,7183.2,249.5,2738.0
7320.0,7210.6,250.44,2747.8
7348.0,7237.9,251.28,2758.2
7376.0,7265.3,252.17,2768.3
7404.0,7292.6,252.78,2778.3
7432.0,7319.9,253.61,2788.1
7460.0,7347.3,254.5,2797.3
7488.0,7374.6,255.33,2806.0
7516.0,7402.0,256.28,2816.4
7544.0,7429.3,257.11,2827.0
7572.0,7456.7,257.94,2836.3
7600.0,7484.0,258.72,2844.8
7628.0,7511.4,259.61,2854.0
7656.0,7538.7,260.5,2864.7
7684.0,7566.1,261.17,2874.4
7712.0,7593.5,262.17,2883.6
7740.0,7620.8,263.0,2893.4
7768.0,7648.2,263.78,2902.0
7796.0,7675.5,264.72,2912.0
7824.0,7702.8,265.56,2922.1
7852.0,7730.2,266.39,2932.1
7880.0,7757.5,267.22,2941.0
7908.0,7784.9,268.11,2950.3
7936.0,7812.2,268.89,2959.2
7964.0,7839.5,269.83,2969.5
7992.0,7866.8,270.61,2978.9
8020.0,7894.2,271.33,2986.6
8048.0,7921.5,272.28,2996.1
8076.0,7948.9,273.17,3006.3
8104.0,7976.2,274.11,3016.5
8132.0,8003.5,274.89,3026.2
8160.0,8030.9,275.61,3034.0
8188.0,8058.2,276.44,3043.0
8216.0,8085.6,277.33,3052.5
8244.0,8112.9,278.17,3062.6
8272.0,8140.3,278.83,3072.4
8300.0,8167.6,279.61,3080.8
8328.0,8194.9,280.39,3090.9
8356.0,8222.2,281.39,3099.3
8384.0,8249.6,282.39,3108.7
8412.0,8276.9,283.22,3116.8
8440.0,8304.2,284.22,3126.8
8468.0,8331.5,285.11,3135.7
8496.0,8358.9,285.94,3144.6
8524.0,8386.2,286.67,3154.2
8552.0,8413.6,287.44,3163.0
8580.0,8441.0,288.17,3173.3
8608.0,8468.5,288.89,3182.2
8636.0,8495.9,289.72,3191.1
8664.0,8523.4,290.61,3200.3
8692.0,8550.9,291.44,3210.0
8720.0,8578.3,292.39,3219.4
8748.0,8605.8,293.17,3227.8
8776.0,8633.2,294.11,3236.1
8804.0,8660.7,295.11,3245.5
8832.0,8688.1,295.94,3254.6
8860.0,8715.6,296.94,3264.2
8888.0,8743.1,297.83,3272.8
8916.0,8770.5,298.61,3281.9
8944.0,8798.0,299.56,3290.1
8972.0,8825.5,300.5,3300.0
9000.0,8852.9,301.28,3308.4
9028.0,8880.4,302.17,3317.5
9056.0,8908.0,303.06,3325.7
9084.0,8935.5,303.89,3334.6
9112.0,8963.0,304.83,3344.0
9140.0,8990.4,305.56,3352.6
9168.0,9017.7,306.39,3361.2
9196.0,9045.0,307.17,3369.5
9224.0,9072.4,308.0,3378.3
9252.0,9099.6,308.83,3387.7
9280.0,9126.8,309.61,3396.9
9308.0,9153.9,310.5,3405.3
9336.0,9181.0,311.44,3413.4
9364.0,9208.0,312.39,3421.7
9392.0,9235.0,313.33,3430.5
9420.0,9261.9,314.17,3439.5
9448.0,9288.7,314.78,3448.8
9476.0,9315.4,315.5,3456.2
9504.0,9342.1,316.33,3463.9
9532.0,9368.8,317.28,3472.6
9560.0,9395.4,318.5,3481.6
9588.0,9422.1,319.56,3490.3
9616.0,9448.8,320.56,3498.7
9644.0,9467.5,321.61,3506.8
9672.0,9517.5,322.67,3514.1
9700.0,9563.4,323.78,3522.3
9728.0,9574.4,324.94,3531.3
9756.0,9585.3,326.0,3540.0
9784.0,9609.2,326.94,3547.6
9812.0,9635.9,327.94,3554.8
9840.0,9662.5,328.89,3563.2
9868.0,9689.0,329.78,3571.5
9896.0,9715.5,330.56,3580.1
9924.0,9741.8,331.06,3587.3
9952.0,9768.2,331.33,3595.9
9993.0,9806.7,331.44,3599.2
