md_ft,tvd_ft
0.0,0.0
219.0,219.0
425.0,425.0
925.0,924.7
1000.0,999.6
1218.0,1217.4
1390.0,1389.2
1484.0,1483.1
1579.0,1578.0
1642.0,1640.9
1770.0,1768.7
1864.0,1862.6
1960.0,1958.5
2050.0,2048.4
2241.0,2238.9
2334.0,2331.5
2429.0,2425.9
2523.0,2519.3
2617.0,2612.5
2710.0,2704.5
2803.0,2796.3
2898.0,2889.7
2992.0,2981.9
3124.0,3111.4
3178.0,3164.2
3271.0,3255.1
3366.0,3348.0
3460.0,3439.8
3553.0,3530.4
3649.0,3623.8
3743.0,3715.3
3838.0,3807.7
3932.0,3899.3
4082.0,4045.6
4123.0,4085.8
4218.0,4179.1
4314.0,4273.6
4517.0,4473.6
4611.0,4566.2
4707.0,4660.7
4798.0,4750.1
4892.0,4842.5
4989.0,4937.8
5084.0,5031.0
5179.0,5124.0
5306.0,5248.0
5433.0,5371.8
5559.0,5494.4
5636.0,5569.1
5731.0,5661.2
5826.0,5753.3
5921.0,5845.5
6016.0,5937.9
6112.0,6031.2
6208.0,6124.6
6303.0,6217.1
6395.0,6306.7
6583.0,6490.5
6676.0,6581.5
6770.0,6673.5
6863.0,6764.5
6957.0,6856.4
6988.0,6886.6
7051.0,6948.0
7175.0,7098.9
7269.0,7160.7
7363.0,7252.6
7459.0,7346.3
7648.0,7530.9
7742.0,7622.8
7838.0,7716.5
7932.0,7808.3
8027.0,7901.0
8121.0,7992.8
8216.0,8085.6
8329.0,8195.9
8457.0,8320.8
8552.0,8413.6
8647.0,8506.7
8743.0,8600.9
8838.0,8694.0
8933.0,8787.2
9029.0,8881.4
9035.0,8887.3
9109.0,8960.1
9244.0,9091.9
9340.0,9184.9
9434.0,9275.4
9624.0,9456.4
9638.0,9456.8
9697.0,9562.2
9761.0,9587.3
9828.0,9651.1
9889.0,9708.9
9950.0,9766.3
10060.0,9869.7
