start,hole_depth_ft,pumps_off_min,circulated_after_drilling_min
2023-04-26 04:06:50,292.5,10.67,1.50
2023-04-26 04:48:10,361.5,7.83,7.83
2023-04-26 05:33:00,476.0,9.67,0.67
2023-04-26 05:56:50,528.3,0.17,0.33
2023-04-26 06:09:20,570.0,17.50,4.50
2023-04-26 06:53:40,661.0,9.50,7.33
2023-04-26 07:25:10,753.0,7.50,3.50
2023-04-26 07:43:20,753.0,28.00,21.67
2023-04-26 09:15:50,843.0,5.33,5.00
2023-04-26 10:03:30,938.0,4.33,9.00
2023-04-26 12:41:00,1128.0,8.00,13.50
2023-04-29 12:01:30,1181.8,8.83,14.00
2023-04-29 21:35:00,1220.2,4.50,0.83
2023-04-29 21:59:00,1315.3,3.17,0.33
2023-04-29 22:04:00,1315.3,9.33,5.33
2023-04-29 22:20:20,1405.1,11.00,0.50
2023-04-29 22:35:50,1410.4,5.00,0.50
2023-04-29 23:59:10,1504.9,3.33,0.67
2023-04-30 00:11:00,1599.6,9.83,0.50
2023-04-30 00:39:50,1599.6,4.33,29.33
2023-04-30 01:34:50,1694.1,4.83,0.67
2023-04-30 01:54:00,1788.3,3.50,0.67
2023-04-30 02:10:20,1882.5,5.17,0.67
2023-04-30 02:33:50,1983.2,5.33,0.67
2023-04-30 02:53:30,1997.8,0.83,5.17
2023-04-30 03:05:30,2078.0,3.83,0.67
2023-04-30 03:29:40,2172.5,3.83,0.50
2023-04-30 03:47:10,2266.6,4.33,0.50
2023-04-30 04:06:30,2361.9,2.83,0.50
2023-04-30 04:33:40,2456.3,4.50,0.67
2023-04-30 05:00:00,2550.8,5.83,0.67
2023-04-30 05:36:20,2645.1,7.00,0.67
2023-04-30 06:53:10,2744.0,4.50,0.83
2023-04-30 07:25:50,2838.9,3.83,0.67
2023-04-30 08:35:50,2933.4,5.00,22.17
2023-04-30 09:20:40,3027.8,3.33,5.33
2023-04-30 11:56:40,3122.5,6.17,1.17
2023-04-30 14:16:30,3217.1,14.83,2.00
2023-04-30 15:06:00,3219.9,4.50,1.00
2023-04-30 15:37:00,3314.7,6.00,1.00
2023-04-30 16:06:50,3409.9,5.17,1.17
2023-04-30 16:46:10,3504.4,5.50,1.00
2023-04-30 17:28:00,3599.0,4.33,1.33
2023-04-30 18:11:50,3696.5,4.67,1.00
2023-04-30 18:48:40,3791.1,5.00,1.17
2023-04-30 19:31:20,3886.2,3.17,1.33
2023-04-30 20:18:00,3980.5,3.50,1.50
2023-04-30 21:17:40,4076.8,3.67,1.50
2023-04-30 22:10:20,4171.5,3.33,1.67
2023-04-30 23:09:30,4266.1,3.33,1.67
2023-05-01 21:28:50,4414.6,0.67,0.17
2023-05-01 21:30:30,4414.6,3.17,1.83
2023-05-01 21:48:40,4435.4,4.83,2.17
2023-05-01 23:23:50,4529.8,7.83,2.00
2023-05-01 23:34:00,4529.8,7.17,12.17
2023-05-01 23:43:50,4529.8,4.00,22.00
2023-05-02 00:01:50,4532.0,6.33,7.83
2023-05-02 00:12:10,4532.4,8.00,1.33
2023-05-02 01:59:40,4624.3,3.67,2.33
2023-05-02 03:44:50,4722.0,2.83,12.33
2023-05-02 09:19:40,4845.0,5.17,2.83
2023-05-11 05:34:00,4910.7,1.67,25.00
2023-05-11 20:37:10,4962.9,8.67,5.00
2023-05-11 21:51:10,4978.5,1.00,13.83
2023-05-12 21:13:20,4980.5,6.00,17.00
2023-05-13 08:00:10,5063.3,2.33,1.33
2023-05-13 08:46:10,5157.9,2.50,1.17
2023-05-13 09:53:20,5211.1,6.00,7.83
2023-05-13 10:13:30,5216.5,2.17,1.17
2023-05-13 10:44:00,5229.5,2.33,16.83
2023-05-13 11:02:10,5254.2,2.83,0.67
2023-05-13 11:23:20,5269.9,1.33,5.17
2023-05-13 11:40:50,5269.9,2.67,22.67
2023-05-13 22:42:10,5291.3,6.33,1.67
2023-05-13 23:46:00,5386.1,3.50,0.67
2023-05-14 00:38:10,5480.8,3.33,0.50
2023-05-14 18:52:30,5576.4,3.17,0.50
2023-05-14 19:47:20,5608.7,2.00,0.83
2023-05-14 20:26:00,5640.0,1.83,0.67
2023-05-14 21:07:10,5671.2,2.50,0.67
2023-05-14 22:01:40,5704.9,1.33,0.67
2023-05-14 22:38:50,5736.4,1.33,0.67
2023-05-14 22:58:00,5751.0,1.50,0.50
2023-05-14 23:20:10,5767.7,5.33,0.50
2023-05-15 00:02:10,5799.2,1.33,0.67
2023-05-15 00:43:40,5831.0,1.50,0.67
2023-05-15 01:34:50,5862.1,4.67,0.67
2023-05-15 02:24:40,5894.1,1.33,0.67
2023-05-15 03:22:30,5925.4,1.50,0.67
2023-05-15 04:01:30,5945.0,1.50,0.50
2023-05-15 04:24:40,5956.7,1.33,0.67
2023-05-15 18:52:00,5957.0,1.50,9.00
2023-05-15 18:58:30,5957.0,1.50,15.50
2023-05-15 19:35:20,6008.5,1.50,0.50
2023-05-15 19:40:50,5983.0,1.50,6.00
2023-05-15 20:13:10,6011.1,1.33,0.50
2023-05-15 20:49:40,6043.0,3.50,5.67
2023-05-15 22:18:50,6170.0,1.50,0.67
2023-05-15 22:55:20,6202.0,1.67,1.33
2023-05-15 23:29:10,6138.0,19.50,0.67
2023-05-16 00:24:30,6168.4,1.17,0.83
2023-05-16 01:00:10,6200.2,1.50,0.67
2023-05-16 01:47:50,6231.5,3.00,0.50
2023-05-16 02:17:40,6249.9,1.33,0.67
2023-05-16 02:37:10,6263.6,1.50,0.50
2023-05-16 03:21:50,6297.0,1.50,1.33
2023-05-16 03:58:40,6328.4,2.83,0.67
2023-05-16 04:37:10,6360.4,1.67,0.67
2023-05-16 05:16:10,6392.0,1.33,0.83
2023-05-16 05:55:30,6423.4,5.67,0.67
2023-05-16 06:50:40,6461.6,2.17,1.00
2023-05-16 07:29:30,6487.6,2.33,1.17
2023-05-16 08:22:00,6518.4,2.67,0.83
2023-05-17 13:24:20,6575.8,2.33,1.17
2023-05-17 14:03:40,6602.0,1.83,0.67
2023-05-17 14:10:40,6602.0,1.50,7.67
2023-05-17 14:45:30,6609.9,2.33,4.67
2023-05-17 14:58:40,6609.9,2.33,17.83
2023-05-18 01:03:10,6635.0,3.50,0.33
2023-05-18 01:34:30,6669.2,1.50,0.67
2023-05-18 02:11:30,6696.9,1.33,0.67
2023-05-18 02:56:00,6726.5,3.33,0.67
2023-05-18 03:03:10,6726.5,1.33,7.83
2023-05-18 03:47:20,6754.3,17.00,4.83
2023-05-18 05:57:10,6764.0,1.83,0.83
2023-05-18 06:02:50,6764.0,2.83,6.50
2023-05-18 06:11:50,6764.0,2.33,15.50
2023-05-18 13:37:50,6777.5,3.83,11.00
2023-05-18 18:04:00,6779.7,6.67,12.83
2023-05-18 18:42:40,6792.9,1.67,0.67
2023-05-18 18:48:50,6792.9,1.83,6.83
2023-05-18 18:55:20,6792.9,1.33,13.33
2023-05-18 19:37:40,6823.2,6.17,0.67
2023-05-18 19:50:00,6823.2,1.33,13.00
2023-05-18 19:57:20,6823.2,1.33,20.33
2023-05-18 20:53:40,6855.4,1.33,0.83
2023-05-18 21:00:50,6855.4,1.50,8.00
2023-05-18 22:42:40,6919.1,5.33,0.67
2023-05-20 07:54:30,7014.8,2.83,0.67
2023-05-20 09:44:20,7109.9,3.00,0.67
2023-05-20 11:32:50,7204.7,3.83,0.67
2023-05-20 13:24:40,7299.7,2.83,1.00
2023-05-20 15:44:10,7394.5,2.67,1.17
2023-05-20 17:11:00,7450.0,2.00,1.00
2023-05-20 18:19:40,7489.9,3.83,0.67
2023-05-20 20:58:00,7584.0,1.50,2.50
2023-05-21 10:58:40,7636.2,2.50,1.00
2023-05-21 11:23:30,7668.8,2.00,0.83
2023-05-21 11:47:30,7708.6,2.17,0.83
2023-05-21 12:40:10,7731.0,4.67,1.50
2023-05-21 13:05:30,7768.0,2.17,0.83
2023-05-21 13:59:10,7798.5,2.00,1.33
2023-05-21 14:44:40,7827.3,2.50,1.17
2023-05-21 15:48:10,7859.1,2.33,0.83
2023-05-21 15:52:30,7859.1,1.00,5.17
2023-05-21 16:48:20,7891.2,2.33,0.83
2023-05-21 17:54:00,7922.0,5.17,1.33
2023-05-21 18:39:00,7954.0,1.33,1.17
2023-05-21 19:24:20,7986.8,1.17,0.83
2023-05-21 20:14:40,8018.6,3.00,1.00
2023-05-21 20:33:40,8022.3,2.00,0.50
2023-05-21 21:17:20,8051.0,1.33,0.83
2023-05-21 21:48:00,8085.0,1.50,1.00
2023-05-23 00:06:00,8106.5,3.67,0.83
2023-05-23 00:41:20,8152.9,2.33,1.17
2023-05-23 01:04:30,8197.4,3.67,0.67
2023-05-23 02:01:10,8257.6,1.50,0.83
2023-05-23 03:28:30,8287.3,7.17,0.67
2023-05-23 04:23:40,8316.4,1.17,0.67
2023-05-23 05:22:10,8346.4,1.50,1.00
2023-05-23 05:56:40,8371.9,4.83,0.67
2023-05-23 06:17:00,8388.8,4.00,1.00
2023-05-23 07:37:10,8420.0,2.33,1.33
2023-05-23 08:00:00,8449.5,2.17,1.17
2023-05-23 08:22:30,8481.6,3.00,1.17
2023-05-23 08:30:40,8488.0,2.17,1.17
2023-05-23 08:52:00,8514.9,2.17,0.83
2023-05-23 08:58:10,8514.9,2.17,7.00
2023-05-23 09:04:30,8514.9,3.00,13.33
2023-05-23 09:13:30,8514.9,2.50,22.33
2023-05-23 09:36:30,8547.0,2.17,1.83
2023-05-23 09:45:10,8547.0,2.00,10.50
2023-05-23 09:53:00,8547.0,2.17,18.33
2023-05-23 10:14:50,8577.7,3.33,0.67
2023-05-25 02:23:50,8590.5,5.33,0.83
2023-05-25 02:53:30,8651.0,1.17,1.00
2023-05-25 03:09:40,8680.1,6.83,1.00
2023-05-25 03:37:40,8746.0,2.17,0.83
2023-05-25 03:54:10,8780.5,5.67,0.83
2023-05-25 04:02:00,8780.5,1.17,8.67
2023-05-25 04:14:00,8782.2,0.33,0.67
2023-05-25 04:15:50,8782.2,1.33,2.50
2023-05-25 05:54:50,8870.6,5.67,0.83
2023-05-25 06:19:00,8879.4,2.67,1.83
2023-05-25 06:23:10,8879.4,1.17,6.00
2023-05-25 07:48:00,8975.1,4.33,0.33
2023-05-25 08:38:20,9067.6,5.83,0.17
2023-05-25 09:02:20,9099.9,1.33,1.33
2023-05-25 09:36:00,9164.9,4.67,0.83
2023-05-25 10:59:00,9255.4,1.33,3.50
2023-05-27 02:13:40,9328.3,4.00,1.00
2023-05-27 02:41:00,9396.8,1.50,1.83
2023-05-27 03:25:40,9423.6,3.50,0.67
2023-05-27 04:11:50,9458.9,1.83,1.17
2023-05-27 05:06:10,9487.0,1.33,1.33
2023-05-27 05:31:30,9519.2,3.50,0.83
2023-05-27 06:01:10,9583.7,1.50,1.83
2023-05-27 06:22:30,9615.5,4.33,2.00
2023-05-27 08:00:20,9709.4,4.17,1.83
2023-05-27 08:54:10,9800.0,2.00,2.00
2023-05-27 09:02:50,9800.0,2.00,10.67
2023-06-04 03:46:20,9912.0,3.17,0.83
2023-06-04 04:37:10,9975.6,3.50,1.17
2023-06-04 05:59:50,10007.0,3.17,2.67
2023-06-04 06:25:20,10067.1,1.50,1.83
2023-06-04 06:44:10,10102.0,3.50,1.67
2023-06-04 07:08:10,10162.0,1.33,1.67
2023-06-04 07:32:30,10197.1,3.50,2.00
2023-06-04 07:59:30,10250.0,1.50,4.50
2023-06-11 20:45:10,10308.7,2.17,1.00
2023-06-11 21:11:30,10403.5,1.83,1.33
2023-06-16 16:45:40,10494.7,5.33,5.67
2023-06-17 10:21:40,10596.6,2.67,2.33
2023-06-17 11:05:40,10684.3,21.00,9.83
2023-06-17 11:35:00,10691.8,36.33,1.67
2023-06-17 12:44:40,10787.1,6.00,2.00
2023-06-17 13:20:10,10882.6,3.33,2.17
2023-06-17 13:54:30,10947.0,3.83,8.83
2023-06-20 10:49:00,5358.3,5.83,0.50
2023-06-20 11:21:00,5452.6,2.83,0.17
2023-06-20 11:44:20,5547.6,2.33,0.17
2023-06-20 12:07:10,5641.9,2.00,0.33
2023-06-20 12:30:20,5736.9,2.00,0.17
2023-06-20 12:52:40,5831.1,2.50,0.33
2023-06-20 13:16:40,5926.7,2.33,0.17
2023-06-20 13:40:00,6021.2,2.17,0.17
2023-06-20 14:02:30,6116.3,2.00,0.17
2023-06-20 14:25:30,6211.4,2.33,0.17
2023-06-20 14:48:20,6306.5,1.83,0.17
2023-06-20 15:20:00,6401.3,2.00,0.17
2023-06-20 15:42:50,6496.0,2.33,0.33
2023-06-20 16:06:20,6590.6,2.00,0.33
2023-06-20 16:28:40,6685.3,1.83,0.17
2023-06-20 17:08:40,6780.3,3.17,0.83
2023-06-20 17:16:30,6780.7,2.33,0.17
2023-06-20 18:07:20,6877.7,5.00,1.33
2023-06-20 18:57:40,6972.3,2.67,0.67
2023-06-20 19:21:50,7066.9,2.67,0.83
2023-06-20 19:45:40,7161.5,2.17,0.83
2023-06-20 20:09:20,7256.0,1.67,0.83
2023-06-20 20:32:40,7351.0,3.00,0.83
2023-06-20 20:57:00,7445.6,2.17,0.50
2023-06-20 21:20:20,7540.6,2.83,0.67
2023-06-20 21:45:30,7635.6,2.17,0.67
2023-06-20 22:09:20,7730.1,3.00,0.67
2023-06-20 22:33:30,7824.3,2.67,0.67
2023-06-20 22:58:00,7919.1,3.00,0.67
2023-06-20 23:22:10,8013.9,2.33,0.67
2023-06-20 23:46:30,8109.2,3.17,0.50
2023-06-21 00:11:20,8203.6,5.17,0.67
2023-06-21 00:38:50,8298.4,2.83,0.67
2023-06-21 01:03:40,8393.0,1.67,0.67
2023-06-21 01:27:30,8487.9,7.33,1.33
2023-06-21 01:58:00,8582.4,6.33,1.67
2023-06-21 02:26:50,8677.2,4.67,0.67
2023-06-21 02:53:10,8771.8,4.17,1.00
2023-06-21 03:19:40,8880.2,4.50,0.83
2023-06-21 03:45:00,8975.2,2.33,0.67
2023-06-21 04:08:50,9070.5,7.33,1.33
2023-06-21 04:37:30,9165.2,2.33,0.67
2023-06-21 05:01:10,9260.0,6.50,0.67
2023-06-21 05:28:40,9355.1,3.17,0.50
2023-06-21 06:22:00,9449.1,2.00,0.83
2023-06-21 11:48:00,9730.5,2.00,0.33
2023-06-21 13:57:10,9838.4,2.33,0.33
2023-06-21 14:27:40,9923.3,2.33,0.17
2023-06-21 14:53:40,10017.2,2.00,0.33
2023-06-21 15:18:30,10112.1,2.33,0.50
2023-06-21 15:44:30,10207.4,3.33,0.83
2023-06-21 16:47:10,10302.2,2.00,17.17
2023-06-21 18:08:00,10400.2,2.83,1.50
2023-06-21 18:48:50,10495.0,6.00,1.50
2023-06-21 19:17:50,10589.2,4.50,1.50
2023-06-21 19:31:10,10682.9,3.83,1.33
2023-06-21 19:48:50,10715.8,4.67,10.83
2023-07-03 09:12:00,8463.8,3.50,0.33
2023-07-03 09:40:40,8558.8,3.67,0.33
2023-07-03 10:08:10,8653.4,5.83,0.17
2023-07-03 10:36:50,8748.1,3.83,0.17
2023-07-03 11:03:00,8843.2,3.83,0.17
2023-07-03 11:29:30,8938.7,3.17,0.17
2023-07-03 12:01:20,9037.1,3.50,0.17
2023-07-03 13:09:00,9134.3,3.50,1.50
2023-07-03 14:08:20,9226.6,4.17,0.33
2023-07-03 14:52:00,9324.0,3.67,2.83
2023-07-03 17:33:20,9513.1,3.00,2.33
2023-07-03 18:24:40,9611.0,3.50,1.67
2023-07-03 19:07:00,9705.5,3.17,1.83
2023-07-03 19:45:20,9801.4,3.33,1.50
2023-07-03 20:21:20,9896.1,3.50,1.50
2023-07-03 20:52:40,9990.6,2.83,1.67
2023-07-03 21:21:40,10087.4,3.00,1.67
2023-07-08 17:30:30,10947.3,8.33,3.50
