kind,start,end,hours,depth_ft,min_bit_ft,speed_ft_h,moving_hours,drilled_since_ft
bit run,2023-05-21 10:26:00,2023-05-21 23:12:00,12.767,8085.010,,,,501.030
connection,2023-05-21 12:40:00,2023-05-21 12:44:00,0.083,7730.980,,,,
connection,2023-05-21 13:59:00,2023-05-21 14:00:00,0.033,7798.530,,,,67.550
connection,2023-05-21 15:48:00,2023-05-21 15:49:00,0.033,7858.960,,,,60.430
connection,2023-05-21 18:39:00,2023-05-21 18:39:00,0.017,7953.970,,,,95.010
connection,2023-05-21 19:24:00,2023-05-21 19:24:00,0.017,7986.480,,,,32.510
connection,2023-05-21 21:48:00,2023-05-21 21:48:00,0.017,8085.010,,,,98.530
pause on bottom,2023-05-21 22:37:00,2023-05-21 23:04:00,0.450,8085.010,8079.120,,,
connection,2023-05-21 22:38:00,2023-05-21 23:03:00,0.433,8085.010,,,,0.000
trip,2023-05-21 23:12:00,2023-05-22 23:17:00,24.083,8085.010,911.090,,,
trip out,2023-05-21 23:12:00,2023-05-22 04:34:00,5.367,8085.010,,1458.055,4.867,
at surface,2023-05-22 04:34:00,2023-05-22 15:12:00,10.633,8085.010,,,,
trip in,2023-05-22 15:12:00,2023-05-22 23:17:00,8.083,8085.010,,1220.241,5.733,
staged circulation,2023-05-22 17:43:00,2023-05-22 17:47:00,0.083,2979.260,,,,
staged circulation,2023-05-22 20:28:00,2023-05-22 20:42:00,0.250,6009.010,,,,
staged circulation,2023-05-22 21:17:00,2023-05-22 21:32:00,0.267,6636.270,,,,
staged circulation,2023-05-22 21:58:00,2023-05-22 22:02:00,0.083,7141.650,,,,
staged circulation,2023-05-22 22:04:00,2023-05-22 22:15:00,0.200,7245.000,,,,
bit run,2023-05-22 23:17:00,2023-05-23 17:00:00,17.717,8585.020,,,,500.010
connection,2023-05-22 23:38:00,2023-05-22 23:38:00,0.017,8085.010,,,,0.000
connection,2023-05-23 00:06:00,2023-05-23 00:09:00,0.067,8106.450,,,,21.440
connection,2023-05-23 00:41:00,2023-05-23 00:42:00,0.033,8152.890,,,,46.440
connection,2023-05-23 02:01:00,2023-05-23 02:01:00,0.017,8257.340,,,,104.450
connection,2023-05-23 05:22:00,2023-05-23 05:22:00,0.017,8346.330,,,,88.990
connection,2023-05-23 06:17:00,2023-05-23 06:20:00,0.067,8388.820,,,,42.490
connection,2023-05-23 07:37:00,2023-05-23 07:38:00,0.033,8419.990,,,,31.170
connection,2023-05-23 08:00:00,2023-05-23 08:01:00,0.033,8449.550,,,,29.560
connection,2023-05-23 08:52:00,2023-05-23 08:53:00,0.033,8514.880,,,,65.330
connection,2023-05-23 08:58:00,2023-05-23 08:59:00,0.033,8514.900,,,,0.020
connection,2023-05-23 09:45:00,2023-05-23 09:46:00,0.033,8547.000,,,,32.100
connection,2023-05-23 09:53:00,2023-05-23 09:54:00,0.033,8547.000,,,,0.000
connection,2023-05-23 10:15:00,2023-05-23 10:17:00,0.050,8577.610,,,,30.610
pause on bottom,2023-05-23 16:03:00,2023-05-23 16:44:00,0.683,8585.020,8574.630,,,
trip,2023-05-23 17:00:00,2023-05-25 02:09:00,33.150,8585.020,0.000,,,
trip out,2023-05-23 17:00:00,2023-05-23 20:29:00,3.483,8585.020,,2330.241,3.267,
at surface,2023-05-23 20:29:00,2023-05-24 20:04:00,23.583,8585.020,,,,
trip in,2023-05-24 20:04:00,2023-05-25 02:09:00,6.083,8585.020,,1835.025,4.083,
staged circulation,2023-05-24 21:20:00,2023-05-24 21:34:00,0.250,3430.000,,,,
staged circulation,2023-05-24 23:03:00,2023-05-24 23:30:00,0.467,5961.290,,,,
staged circulation,2023-05-24 23:45:00,2023-05-24 23:57:00,0.217,6412.190,,,,
staged circulation,2023-05-25 00:12:00,2023-05-25 00:24:00,0.217,6861.870,,,,
staged circulation,2023-05-25 00:37:00,2023-05-25 00:49:00,0.217,7512.630,,,,
staged circulation,2023-05-25 01:02:00,2023-05-25 01:21:00,0.333,7959.820,,,,
staged circulation,2023-05-25 01:45:00,2023-05-25 01:57:00,0.217,8371.670,,,,
bit run,2023-05-25 02:09:00,2023-05-25 12:13:00,10.067,9255.400,,,,670.380
connection,2023-05-25 02:24:00,2023-05-25 02:28:00,0.083,8590.550,,,,12.940
connection,2023-05-25 03:54:00,2023-05-25 03:59:00,0.100,8778.600,,,,188.050
connection,2023-05-25 04:02:00,2023-05-25 04:02:00,0.017,8780.500,,,,1.900
connection,2023-05-25 05:55:00,2023-05-25 06:00:00,0.100,8870.650,,,,90.150
connection,2023-05-25 06:19:00,2023-05-25 06:21:00,0.050,8879.420,,,,8.770
connection,2023-05-25 07:48:00,2023-05-25 07:51:00,0.067,8973.770,,,,94.350
connection,2023-05-25 09:36:00,2023-05-25 09:40:00,0.083,9164.910,,,,191.140
connection,2023-05-25 10:59:00,2023-05-25 10:59:00,0.017,9255.400,,,,90.490
trip,2023-05-25 12:13:00,2023-05-27 00:57:00,36.733,9255.400,0.030,,,
trip out,2023-05-25 12:13:00,2023-05-25 22:50:00,10.617,9255.400,,790.927,10.433,
at surface,2023-05-25 22:50:00,2023-05-26 13:02:00,14.200,9255.400,,,,
trip in,2023-05-26 13:02:00,2023-05-27 00:57:00,11.917,9255.400,,1570.301,5.267,
staged circulation,2023-05-26 15:43:00,2023-05-26 15:54:00,0.200,4978.890,,,,
staged circulation,2023-05-26 15:59:00,2023-05-26 16:08:00,0.167,4978.890,,,,
staged circulation,2023-05-26 18:34:00,2023-05-26 18:39:00,0.100,4978.890,,,,
staged circulation,2023-05-26 20:44:00,2023-05-26 20:48:00,0.083,5997.000,,,,
staged circulation,2023-05-26 20:51:00,2023-05-26 20:59:00,0.150,5997.000,,,,
staged circulation,2023-05-26 21:18:00,2023-05-26 21:27:00,0.167,6567.000,,,,
staged circulation,2023-05-26 21:41:00,2023-05-26 21:52:00,0.200,7070.800,,,,
staged circulation,2023-05-26 22:08:00,2023-05-26 22:24:00,0.283,7575.840,,,,
staged circulation,2023-05-26 22:40:00,2023-05-26 23:05:00,0.433,8027.110,,,,
staged circulation,2023-05-26 23:20:00,2023-05-26 23:43:00,0.400,8502.430,,,,
staged circulation,2023-05-27 00:01:00,2023-05-27 00:40:00,0.667,8876.120,,,,
bit run,2023-05-27 00:57:00,2023-05-27 09:26:00,8.483,9800.040,,,,544.640
connection,2023-05-27 02:41:00,2023-05-27 02:41:00,0.017,9396.780,,,,141.380
connection,2023-05-27 05:06:00,2023-05-27 05:06:00,0.017,9490.110,,,,93.330
connection,2023-05-27 06:01:00,2023-05-27 06:01:00,0.017,9583.730,,,,93.620
connection,2023-05-27 08:54:00,2023-05-27 08:55:00,0.033,9800.040,,,,216.310
trip,2023-05-27 09:26:00,2023-05-27 22:56:00,13.500,9800.040,0.030,,,
trip out,2023-05-27 09:26:00,2023-05-27 15:06:00,5.667,9800.040,,1694.084,5.217,
at surface,2023-05-27 15:06:00,2023-05-27 18:51:00,3.750,9800.040,,,,
trip in,2023-05-27 18:51:00,2023-05-27 22:56:00,4.083,9800.040,,2444.825,3.600,
staged circulation,2023-05-27 19:39:00,2023-05-27 19:44:00,0.100,3016.000,,,,
staged circulation,2023-05-27 20:52:00,2023-05-27 21:00:00,0.150,6287.470,,,,
staged circulation,2023-05-27 21:53:00,2023-05-27 22:09:00,0.283,8206.540,,,,
pause on bottom,2023-05-27 23:41:00,2023-05-28 02:52:00,3.183,9800.000,9777.030,,,
pause on bottom,2023-05-28 03:59:00,2023-05-28 06:05:00,2.100,9800.000,9778.750,,,
pause on bottom,2023-05-28 07:34:00,2023-05-28 09:43:00,2.150,9800.000,9781.270,,,
pause on bottom,2023-05-28 10:47:00,2023-05-28 12:40:00,1.883,9800.000,9783.260,,,
pause on bottom,2023-05-28 12:55:00,2023-05-28 15:33:00,2.633,9800.000,9780.520,,,
trip,2023-05-28 16:37:00,2023-05-29 07:36:00,14.983,9800.000,383.720,,,
trip out,2023-05-28 16:37:00,2023-05-28 20:42:00,4.083,9800.000,,2152.403,4.083,
at surface,2023-05-28 20:42:00,2023-05-29 00:49:00,4.117,9800.000,,,,
trip in,2023-05-29 00:49:00,2023-05-29 07:36:00,6.783,9800.000,,1833.126,4.767,
staged circulation,2023-05-29 01:49:00,2023-05-29 01:53:00,0.083,3044.750,,,,
staged circulation,2023-05-29 03:04:00,2023-05-29 03:58:00,0.917,6082.310,,,,
staged circulation,2023-05-29 04:13:00,2023-05-29 04:29:00,0.283,6519.080,,,,
staged circulation,2023-05-29 05:13:00,2023-05-29 05:29:00,0.283,7469.270,,,,
staged circulation,2023-05-29 06:20:00,2023-05-29 06:36:00,0.283,8513.710,,,,
