md_ft,tvd_ft,temp_F
81.5,58.1,77.3354
103.5,83.1,77.4146
126.0,108.6,79.1179
148.5,134.0,81.0233
171.0,159.2,82.859
193.5,184.3,85.0753
216.5,209.8,87.231
239.5,235.1,89.4469
262.5,260.4,91.1964
285.5,285.5,92.9783
309.0,311.0,94.9004
332.5,336.5,96.621
356.0,361.7,98.2241
379.5,386.9,99.7933
403.0,412.0,101.4401
427.0,437.5,103.1686
451.0,462.8,104.919
475.0,488.1,106.5914
499.0,513.2,108.3742
523.0,538.3,110.1798
547.5,563.8,112.3925
572.0,589.1,114.6178
596.5,614.4,116.7853
621.0,639.6,118.8783
645.5,664.7,120.9544
670.0,689.7,122.9189
695.0,715.1,124.6529
720.0,740.5,126.15
745.0,765.7,127.5501
770.0,790.9,128.631
795.0,816.1,129.9292
820.0,841.1,131.3865
845.5,866.6,132.5397
871.0,892.0,133.6592
896.5,917.3,134.8324
922.0,942.6,135.9651
947.5,967.8,137.0805
973.0,993.0,138.062
998.5,1018.1,139.07
1024.0,1043.1,139.9388
1049.5,1068.1,140.9669
1075.5,1093.6,141.7614
1101.5,1119.0,142.6222
1127.5,1144.4,143.3845
1153.5,1169.7,144.2714
1179.5,1195.0,145.0713
1205.5,1220.3,145.8821
1231.5,1245.5,146.6744
1257.5,1270.7,147.2779
1283.5,1295.9,147.8369
1309.5,1321.0,148.4915
1335.5,1346.2,149.1669
1361.5,1371.3,150.0883
1387.5,1396.4,150.6474
1413.5,1421.4,151.3082
1439.5,1446.5,151.7964
1465.5,1471.6,152.9694
1491.5,1496.6,153.6773
1517.5,1521.7,154.4768
1543.5,1546.7,155.3861
1569.5,1571.7,156.423
1595.5,1596.8,157.3294
1621.5,1621.8,158.1491
1647.5,1646.8,159.0692
1673.5,1671.9,160.0519
1699.5,1696.9,161.0013
1725.5,1721.9,161.8386
1751.5,1747.0,162.9019
1777.5,1772.1,163.8076
1803.5,1797.1,164.8138
1829.5,1822.2,165.7438
1855.5,1847.3,166.6108
1881.5,1872.5,167.6908
1907.5,1897.6,168.8038
1933.5,1922.8,169.6946
1959.5,1947.9,170.3455
1985.5,1973.1,171.3206
2011.5,1998.3,172.7087
2037.5,2023.6,173.5154
2063.5,2048.8,174.3469
2089.5,2074.1,175.5162
2115.5,2099.4,176.701
2141.5,2124.7,177.5854
2167.5,2150.1,178.4763
2193.5,2175.5,179.506
2219.5,2200.9,180.6954
2245.5,2226.3,181.5156
2271.5,2251.8,182.2947
2297.0,2276.8,183.2946
2322.5,2301.8,184.6843
2348.0,2326.9,185.4792
2373.5,2352.0,186.125
2399.0,2377.1,187.2837
2424.5,2402.3,188.3464
2450.0,2427.5,189.4336
2475.5,2452.7,190.2274
2501.0,2478.0,191.0264
2526.5,2503.2,191.7266
2552.0,2528.5,193.2395
2577.5,2553.9,194.2109
2603.0,2579.3,194.8677
2628.5,2604.7,195.7269
2654.0,2630.1,197.0337
2679.5,2655.6,198.0509
2704.5,2680.6,198.7641
2729.5,2705.7,199.4932
2754.5,2730.7,200.667
2779.5,2755.8,201.5125
2804.5,2781.0,202.1764
2829.5,2806.1,203.1392
2854.5,2831.3,204.1933
2879.5,2856.5,204.896
2904.5,2881.8,205.5066
2929.5,2907.1,206.4079
2954.5,2932.4,207.6003
2979.5,2957.8,208.2147
3004.5,2983.1,208.8489
3029.5,3008.5,210.1939
3054.5,3034.0,211.1815
3079.5,3059.4,211.97
3104.5,3084.9,212.7599
3129.0,3109.9,213.5137
3153.5,3135.0,214.0154
3178.0,3160.0,214.8578
3202.5,3185.1,215.6335
3227.0,3210.2,216.3718
3251.5,3235.3,217.0775
3276.0,3260.5,217.7917
3300.5,3285.7,218.5654
3325.0,3310.9,219.5319
3349.5,3336.1,220.4469
3374.0,3361.3,221.1771
3398.5,3386.6,221.8052
3423.0,3411.9,222.6365
3447.5,3437.2,223.7002
3472.0,3462.5,224.5715
3496.5,3487.8,225.2103
3521.0,3513.2,226.3604
3545.5,3538.6,227.232
3570.0,3564.0,228.0685
3594.5,3589.4,228.7709
3619.0,3614.8,229.6844
3643.5,3640.2,231.0119
3668.0,3665.7,231.7418
3692.5,3691.1,232.5076
3717.0,3716.6,233.7559
3741.5,3742.1,234.7341
3766.0,3767.6,235.5457
3790.5,3793.1,236.3344
3815.0,3818.6,237.0906
3839.5,3844.1,238.1301
3864.0,3869.6,239.6143
3888.5,3895.1,240.4919
3912.5,3920.1,241.2595
3936.5,3945.1,241.8716
3960.5,3970.1,243.1146
3984.5,3995.1,244.3054
4008.5,4020.1,245.0192
4032.5,4045.1,245.6702
4056.5,4070.2,246.576
4080.5,4095.2,247.6211
4105.0,4120.7,248.9817
4129.5,4146.2,249.854
4154.0,4171.7,250.6726
4178.5,4197.2,251.5305
4203.0,4222.7,252.4906
4227.5,4248.2,253.3594
4252.0,4273.6,254.473
4276.5,4299.1,255.396
4301.0,4324.6,256.3345
4325.5,4350.0,257.1245
4350.0,4375.4,257.783
4374.5,4400.8,258.6633
4399.0,4426.2,260.0463
4423.5,4451.6,261.3647
4448.0,4476.9,262.2905
4472.5,4502.2,263.2196
4497.0,4527.6,264.1489
4521.5,4552.8,264.9893
4546.0,4578.1,265.8004
4570.5,4603.3,266.6357
4595.0,4628.5,267.4607
4619.5,4653.7,268.3361
4644.0,4678.9,269.1974
4668.5,4704.0,270.5759
4693.0,4729.1,271.6234
4717.5,4754.1,272.6296
4742.0,4779.2,273.5003
4767.0,4804.6,274.3836
4792.0,4830.1,275.2889
4817.0,4855.5,276.2868
4842.0,4880.9,277.335
4867.0,4906.2,278.4059
4892.0,4931.5,279.3874
4917.0,4956.8,280.2248
4942.0,4982.0,281.0257
4967.0,5007.1,281.6136
4992.0,5032.3,283.2801
5017.0,5057.3,283.7109
5042.0,5082.3,284.6664
5067.5,5107.8,285.2227
5093.0,5133.2,285.9434
5118.5,5158.5,286.8652
5144.0,5183.8,288.1546
5169.5,5209.0,289.0322
5195.0,5234.2,289.8196
5220.5,5259.3,290.5111
5246.0,5284.3,291.021
5272.0,5309.8,291.621
5298.0,5335.2,292.4401
5324.0,5360.5,293.3831
5350.0,5385.7,294.1058
5376.0,5410.9,295.1974
5402.0,5436.0,296.8645
5428.0,5461.0,297.9515
5454.5,5486.5,298.6235
5481.0,5511.8,299.4732
5507.5,5537.1,300.2714
5534.0,5562.2,301.0335
5560.5,5587.3,301.868
5587.5,5612.8,302.5999
5614.5,5638.1,303.5725
5641.5,5663.4,305.1699
5668.5,5688.6,306.2356
5695.5,5713.7,307.1417
5723.0,5739.1,308.1128
5750.5,5764.5,309.1226
5778.0,5789.7,309.9452
5805.5,5814.8,310.8408
5833.0,5839.8,311.8211
5861.0,5865.2,312.7601
5889.0,5890.4,313.9681
5917.0,5915.5,314.9012
5945.0,5940.6,315.6622
5973.5,5965.9,316.9036
6002.0,5991.1,317.8753
6030.5,6016.1,318.982
6059.5,6041.5,319.9068
6088.5,6066.7,320.5586
6117.5,6091.8,321.5018
6147.0,6117.2,322.547
6176.5,6142.5,323.8474
6206.0,6167.6,324.6628
6236.0,6192.9,325.6971
6266.0,6218.1,327.6128
6296.0,6243.2,328.8637
6326.5,6268.5,329.3241
6357.0,6293.6,330.3087
6388.0,6319.0,331.5197
6419.0,6344.2,332.6429
6450.0,6369.2,333.7599
6481.5,6394.5,334.9748
6513.0,6419.5,336.1422
6545.0,6444.8,337.2982
6577.0,6469.9,339.0188
6609.5,6495.1,340.8163
6642.0,6520.2,342.9804
6675.0,6545.4,345.0717
6708.0,6570.4,346.2925
6741.5,6595.6,347.3872
6775.5,6620.9,348.7391
6809.5,6646.0,349.7701
6844.0,6671.3,350.7318
6879.0,6696.6,351.6637
6914.0,6721.7,352.5309
6949.5,6746.9,353.3419
6985.5,6772.2,354.0961
7021.5,6797.2,354.7635
7058.0,6822.3,355.5642
7095.0,6847.5,356.4016
7132.5,6872.7,357.0882
7170.5,6898.0,357.9336
7209.0,6923.3,358.7208
7248.0,6948.6,359.4167
7287.5,6973.9,360.1597
7327.5,6999.2,361.0134
7368.0,7024.4,362.0272
7409.0,7049.6,362.8956
7450.5,7074.8,363.7307
7492.5,7099.9,364.4948
7535.0,7125.0,365.2046
7578.5,7150.2,365.7073
7622.5,7175.4,365.8603
7667.0,7200.4,366.8025
7712.5,7225.5,367.8128
7758.5,7250.6,369.3087
7805.5,7275.7,370.5648
7853.5,7300.9,372.5352
7902.0,7325.9,374.3051
7951.5,7350.9,375.3773
8002.0,7376.0,376.6446
8053.5,7401.1,377.6953
8106.0,7426.1,379.0541
8159.5,7451.1,380.3604
8214.5,7476.3,381.4799
8270.5,7501.4,382.5952
8328.0,7526.6,383.4915
8386.5,7551.6,384.3333
8446.5,7576.8,385.385
8507.5,7601.8,386.6401
8570.0,7626.9,387.8305
8634.0,7652.0,388.503
8699.5,7677.1,389.5541
8766.5,7702.2,390.1188
8835.0,7727.4,390.9162
8904.5,7752.4,392.147
8975.5,7777.6,393.5339
9047.5,7802.6,395.0397
9120.5,7827.6,396.3969
9194.5,7852.7,397.9028
9269.5,7877.8,399.2823
9345.0,7903.0,400.8338
9420.5,7928.0,402.45
9496.0,7953.1,404.0329
9571.0,7978.2,405.6657
9645.5,8003.3,407.368
9719.0,8028.4,409.0442
9791.5,8053.5,410.4896
9862.5,8078.6,411.8645
9932.0,8103.8,413.1829
9999.5,8128.8,414.3816
10065.0,8153.9,415.5973
10129.0,8179.0,417.0793
10191.0,8204.2,418.4328
10251.0,8229.4,419.6219
10309.0,8254.5,420.9126
10365.0,8279.6,422.2019
10419.0,8304.7,423.3696
10471.5,8329.9,424.5109
10522.0,8354.9,425.6239
10571.0,8380.1,426.5542
10618.5,8405.3,427.0357
10664.5,8430.6,426.7662
10709.0,8455.8,426.8423
10987.0,8633.8,428.67460000000005
