md_ft,inc_deg,azi_deg,tvd_ft
0.0,0.0,0.0,0.0
25.0,0.22,52.11,25.0
50.0,0.45,52.11,50.0
75.0,0.36,38.82,75.0
100.0,0.14,58.33,100.0
125.0,0.54,131.51,125.0
150.0,0.64,102.12,150.0
175.0,0.65,75.44,175.0
200.0,0.44,58.93,199.99
225.0,0.26,44.13,224.99
250.0,0.19,119.27,249.99
275.0,0.4,126.68,274.99
300.0,0.55,112.24,299.99
325.0,0.69,107.15,324.99
350.0,0.84,80.36,349.99
375.0,0.7,69.14,374.99
400.0,0.52,73.07,399.99
425.0,0.42,91.96,424.98
450.0,0.42,109.31,449.98
475.0,0.59,117.89,474.98
500.0,0.88,107.57,499.98
525.0,1.07,89.12,524.98
550.0,1.1,80.69,549.97
575.0,0.92,68.2,574.97
600.0,0.89,80.6,599.97
625.0,0.88,85.61,624.96
650.0,0.97,98.35,649.96
675.0,1.48,95.91,674.95
700.0,1.59,84.67,699.94
725.0,1.44,79.09,724.94
750.0,1.35,81.48,749.93
775.0,1.37,85.13,774.92
800.0,1.22,92.17,799.92
825.0,1.37,97.63,824.91
850.0,1.76,95.25,849.9
875.0,1.78,87.92,874.89
900.0,1.85,87.44,899.87
925.0,1.76,80.97,924.86
950.0,1.69,83.12,949.85
975.0,1.64,83.53,974.84
1000.0,1.68,86.08,999.83
1025.0,1.67,88.73,1024.82
1050.0,1.85,93.72,1049.81
1075.0,2.24,91.88,1074.79
1100.0,2.03,83.69,1099.77
1125.0,1.79,83.37,1124.76
1150.0,1.83,92.6,1149.75
1175.0,2.07,95.76,1174.73
1200.0,1.83,93.18,1199.72
1225.0,1.22,85.74,1224.71
1250.0,0.57,87.6,1249.71
1275.0,0.39,95.12,1274.71
1300.0,0.23,87.94,1299.71
1325.0,0.14,152.75,1324.71
1350.0,0.33,127.31,1349.71
1375.0,0.46,106.77,1374.7
1400.0,0.62,73.81,1399.7
1425.0,0.52,59.26,1424.7
1450.0,0.37,34.29,1449.7
1475.0,0.15,331.37,1474.7
1500.0,0.5,112.05,1499.7
1525.0,0.54,64.38,1524.7
1550.0,0.26,47.98,1549.7
1575.0,0.26,124.6,1574.7
1600.0,0.73,95.79,1599.7
1625.0,0.6,74.68,1624.7
1650.0,0.6,73.49,1649.7
1675.0,0.44,80.68,1674.69
1700.0,0.69,93.99,1699.69
1725.0,0.64,108.67,1724.69
1750.0,1.15,119.45,1749.69
1775.0,1.09,96.52,1774.68
1800.0,0.81,114.26,1799.68
1825.0,1.24,109.58,1824.68
1850.0,0.81,118.64,1849.67
1875.0,1.2,124.87,1874.67
1900.0,1.08,128.11,1899.66
1925.0,0.97,142.35,1924.66
1950.0,0.91,158.1,1949.66
1975.0,0.81,187.42,1974.65
2000.0,0.84,206.25,1999.65
2025.0,0.88,192.96,2024.65
2050.0,0.71,238.52,2049.65
2075.0,1.2,230.46,2074.64
2100.0,1.15,213.31,2099.64
2125.0,0.96,209.74,2124.63
2150.0,0.65,229.8,2149.63
2175.0,0.97,219.1,2174.63
2200.0,0.76,207.02,2199.63
2225.0,0.71,199.97,2224.62
2250.0,0.84,180.93,2249.62
2275.0,0.87,204.99,2274.62
2300.0,0.84,211.64,2299.62
2325.0,1.11,207.93,2324.61
2350.0,1.23,204.99,2349.61
2375.0,0.84,187.87,2374.6
2400.0,0.76,208.12,2399.6
2425.0,1.04,219.68,2424.6
2450.0,1.21,210.79,2449.59
2475.0,1.04,192.72,2474.59
2500.0,1.0,208.44,2499.58
2525.0,1.09,187.83,2524.58
2550.0,0.76,213.73,2549.58
2575.0,0.96,210.63,2574.57
2600.0,1.16,200.62,2599.57
2625.0,1.04,210.58,2624.56
2650.0,1.03,221.52,2649.56
2675.0,1.25,256.28,2674.56
2700.0,1.29,254.86,2699.55
2725.0,1.46,259.88,2724.54
2750.0,1.44,253.95,2749.53
2775.0,1.2,250.69,2774.53
2800.0,0.9,255.68,2799.52
2825.0,1.01,280.25,2824.52
2850.0,1.03,284.67,2849.52
2875.0,1.17,282.11,2874.51
2900.0,1.13,283.34,2899.51
2925.0,1.01,271.93,2924.5
2950.0,0.65,279.18,2949.5
2975.0,0.87,303.93,2974.5
3000.0,1.01,284.44,2999.49
3025.0,0.61,286.05,3024.49
3050.0,0.71,301.26,3049.49
3075.0,0.84,275.53,3074.49
3100.0,0.61,293.64,3099.49
3125.0,0.78,311.23,3124.48
3150.0,0.77,279.28,3149.48
3175.0,0.71,320.79,3174.48
3200.0,0.91,300.34,3199.48
3225.0,0.52,282.31,3224.48
3250.0,0.68,314.84,3249.47
3275.0,0.45,329.64,3274.47
3300.0,0.56,330.0,3299.47
3325.0,0.47,322.18,3324.47
3350.0,0.35,336.04,3349.47
3375.0,0.24,4.68,3374.47
3400.0,0.37,63.06,3399.47
3425.0,0.46,101.84,3424.47
3450.0,0.5,109.13,3449.47
3475.0,0.82,99.96,3474.47
3500.0,0.58,113.04,3499.46
3525.0,0.97,104.22,3524.46
3550.0,0.7,87.67,3549.46
3575.0,0.86,82.09,3574.46
3600.0,0.75,95.48,3599.46
3625.0,0.5,124.27,3624.45
3650.0,0.8,109.58,3649.45
3675.0,0.67,114.35,3674.45
3700.0,0.74,97.06,3699.45
3725.0,0.74,101.53,3724.45
3750.0,0.63,78.68,3749.44
3775.0,0.55,107.07,3774.44
3800.0,0.59,86.48,3799.44
3825.0,0.84,100.27,3824.44
3850.0,0.57,108.99,3849.44
3875.0,0.77,92.88,3874.44
3900.0,0.8,104.43,3899.43
3925.0,1.07,95.63,3924.43
3950.0,0.8,93.6,3949.43
3975.0,0.79,89.0,3974.42
4000.0,1.13,96.3,3999.42
4025.0,0.68,93.0,4024.42
4050.0,0.75,118.09,4049.42
4075.0,0.89,111.94,4074.41
4100.0,0.42,119.05,4099.41
4125.0,0.46,106.27,4124.41
4150.0,0.82,100.72,4149.41
4175.0,0.43,81.17,4174.41
4200.0,0.45,112.3,4199.41
4225.0,0.43,110.11,4224.41
4250.0,0.63,103.96,4249.41
4275.0,0.8,127.54,4274.4
4300.0,0.48,98.21,4299.4
4325.0,0.61,124.9,4324.4
4350.0,0.68,92.28,4349.4
4375.0,0.69,119.99,4374.4
4400.0,0.61,73.25,4399.4
4425.0,0.56,93.68,4424.4
4450.0,0.77,69.92,4449.39
4475.0,1.11,81.57,4474.39
4500.0,0.7,92.27,4499.39
4525.0,0.95,69.37,4524.38
4550.0,0.7,96.1,4549.38
4575.0,1.07,104.17,4574.38
4600.0,1.2,92.9,4599.37
4625.0,0.98,88.69,4624.37
4650.0,1.1,102.12,4649.37
4675.0,1.22,115.26,4674.36
4700.0,1.49,118.69,4699.35
4725.0,1.85,122.18,4724.34
4750.0,2.17,121.8,4749.33
4775.0,2.44,123.54,4774.31
4800.0,2.5,124.15,4799.28
4825.0,2.62,125.62,4824.26
4850.0,2.53,133.12,4849.23
4875.0,2.88,126.33,4874.21
4900.0,2.27,133.86,4899.18
4925.0,1.87,158.06,4924.16
4950.0,1.96,148.14,4949.15
4975.0,1.61,152.88,4974.14
5000.0,1.74,163.36,4999.13
5025.0,0.86,165.6,5024.12
5050.0,0.9,154.12,5049.12
5075.0,1.0,174.59,5074.11
5100.0,0.75,166.03,5099.11
5125.0,0.71,143.03,5124.11
5150.0,0.71,138.33,5149.11
5175.0,1.17,131.7,5174.1
5200.0,1.63,128.59,5199.1
5225.0,1.63,130.3,5224.09
5250.0,1.64,134.48,5249.08
5275.0,2.18,141.42,5274.06
5300.0,2.05,146.12,5299.05
5325.0,1.61,158.24,5324.03
5350.0,1.29,175.24,5349.03
5375.0,0.96,199.55,5374.02
5400.0,1.1,231.33,5399.02
5425.0,1.39,228.65,5424.01
5450.0,1.21,228.97,5449.0
5475.0,0.58,243.49,5474.0
5500.0,0.43,165.75,5499.0
5525.0,1.5,134.22,5524.0
5550.0,2.96,126.35,5548.98
5575.0,4.84,121.77,5573.92
5600.0,6.56,122.66,5598.79
5625.0,7.83,125.08,5623.6
5650.0,9.35,127.99,5648.32
5675.0,11.11,130.02,5672.92
5700.0,12.62,132.49,5697.38
5725.0,13.02,132.67,5721.76
5750.0,12.94,131.97,5746.12
5775.0,13.32,131.34,5770.47
5800.0,13.57,131.01,5794.78
5825.0,14.14,130.26,5819.05
5850.0,15.03,129.35,5843.25
5875.0,16.43,127.94,5867.31
5900.0,17.59,126.76,5891.22
5925.0,19.51,125.12,5914.92
5950.0,21.32,123.21,5938.35
5975.0,22.24,121.77,5961.56
6000.0,22.68,120.17,5984.67
6025.0,23.51,117.92,6007.66
6050.0,24.17,115.17,6030.53
6075.0,24.86,114.22,6053.28
6100.0,25.39,113.55,6075.91
6125.0,26.0,112.81,6098.44
6150.0,26.44,112.75,6120.87
6175.0,26.83,112.51,6143.21
6200.0,27.64,112.69,6165.44
6225.0,28.43,112.24,6187.51
6250.0,29.28,112.36,6209.4
6275.0,30.5,112.61,6231.08
6300.0,31.74,112.75,6252.48
6325.0,33.33,112.67,6273.56
6350.0,34.45,112.7,6294.31
6375.0,35.95,112.89,6314.74
6400.0,37.34,113.25,6334.79
6425.0,38.33,113.65,6354.54
6450.0,39.22,114.66,6374.03
6475.0,40.08,115.86,6393.28
6500.0,41.96,116.75,6412.14
6525.0,43.71,117.49,6430.47
6550.0,44.97,117.96,6448.35
6575.0,45.99,117.69,6465.88
6600.0,47.03,117.17,6483.09
6625.0,47.18,116.36,6500.1
6650.0,46.87,114.8,6517.14
6675.0,46.72,113.29,6534.26
6700.0,47.29,112.19,6551.31
6725.0,48.37,111.94,6568.09
6750.0,49.8,112.0,6584.47
6775.0,52.04,111.64,6600.22
6800.0,54.52,109.48,6615.17
6825.0,56.63,107.12,6629.31
6830.94,57.38,106.66,6632.54
6850.0,59.8,105.25,6642.47
6856.49,60.29,104.83,6645.71
6875.0,61.7,103.64,6654.69
6900.0,62.5,102.69,6666.39
6925.0,63.76,102.36,6677.69
6950.0,64.35,102.72,6688.62
6975.0,66.98,102.8,6698.92
7000.0,67.6,102.74,6708.58
7025.0,68.06,102.68,6718.01
7050.0,67.92,102.56,6727.38
7075.0,67.88,102.68,6736.78
7100.0,68.05,102.94,6746.16
7125.0,67.8,102.88,6755.56
7150.0,68.12,102.52,6764.94
7175.0,67.88,102.55,6774.31
7200.0,67.35,102.18,6783.83
7225.0,66.47,102.16,6793.63
7250.0,66.03,102.55,6803.7
7275.0,65.66,102.97,6813.93
7300.0,66.58,103.11,6824.05
7325.0,66.87,102.76,6833.93
7350.0,66.65,102.48,6843.79
7375.0,66.57,102.48,6853.72
7400.0,66.12,102.77,6863.75
7425.0,66.07,103.34,6873.88
7450.0,65.57,103.89,6884.12
7475.0,65.39,104.2,6894.5
7500.0,65.17,103.95,6904.95
7525.0,65.49,103.5,6915.38
7550.0,65.7,103.44,6925.71
7575.0,65.58,103.96,6936.03
7600.0,65.87,104.18,6946.3
7625.0,66.57,104.35,6956.38
7650.0,67.21,104.31,6966.2
7675.0,67.56,104.3,6975.81
7700.0,69.65,104.16,6984.93
7725.0,69.76,103.84,6993.6
7750.0,70.67,103.53,7002.06
7775.0,71.05,103.28,7010.26
7800.0,69.78,103.19,7018.64
7825.0,68.87,103.32,7027.47
7850.0,67.82,103.5,7036.69
7875.0,67.4,103.52,7046.21
7900.0,66.47,103.33,7056.01
7925.0,65.25,103.06,7066.23
7950.0,64.87,102.95,7076.77
7975.0,64.58,102.83,7087.45
8000.0,63.91,102.62,7098.31
8025.0,63.76,102.48,7109.34
8050.0,63.38,102.43,7120.46
8075.0,62.78,102.54,7131.78
8100.0,62.36,102.54,7143.3
8125.0,64.09,102.34,7154.56
8150.0,64.6,102.2,7165.38
8175.0,65.84,102.3,7175.86
8200.0,65.28,102.56,7186.21
8225.0,66.06,103.04,7196.51
8250.0,66.08,103.49,7206.65
8275.0,65.69,103.84,7216.86
8300.0,64.17,104.3,7227.45
8325.0,63.76,104.85,7238.43
8350.0,63.18,105.1,7249.59
8375.0,62.53,105.27,7261.0
8400.0,61.7,105.28,7272.69
8425.0,60.13,105.42,7284.84
8450.0,60.12,105.26,7297.3
8475.0,60.1,105.09,7309.75
8500.0,60.03,104.89,7322.23
8525.0,60.48,104.64,7334.63
8550.0,60.6,104.54,7346.93
8575.0,60.56,104.6,7359.21
8600.0,61.05,104.59,7371.4
8625.0,61.72,104.51,7383.38
8650.0,62.37,104.34,7395.1
8675.0,62.87,104.06,7406.59
8700.0,63.56,103.92,7417.86
8725.0,64.43,103.66,7428.82
8750.0,64.59,103.34,7439.58
8775.0,63.15,103.21,7450.59
8800.0,63.67,102.97,7461.78
8825.0,63.64,102.82,7472.87
8850.0,63.45,102.6,7484.01
8875.0,63.44,102.54,7495.19
8900.0,62.61,102.56,7506.53
8925.0,62.31,102.67,7518.09
8950.0,61.88,102.73,7529.79
8975.0,61.85,102.92,7541.58
9000.0,61.88,102.95,7553.36
9025.0,61.97,102.96,7565.13
9050.0,61.87,102.88,7576.9
9075.0,61.94,102.89,7588.67
9100.0,61.59,102.95,7600.5
9125.0,61.4,103.16,7612.43
9150.0,61.01,103.43,7624.47
9175.0,60.67,103.55,7636.65
9200.0,60.77,103.54,7648.88
9225.0,60.74,103.74,7661.09
9250.0,60.16,104.04,7673.42
9275.0,60.11,104.28,7685.87
9300.0,60.92,104.21,7698.18
9325.0,61.82,104.07,7710.15
9350.0,62.4,103.82,7721.85
9375.0,63.03,103.63,7733.31
9400.0,63.55,103.44,7744.55
9425.0,64.19,103.16,7755.56
9450.0,65.0,102.72,7766.28
9475.0,65.55,102.47,7776.74
9500.0,66.15,102.35,7786.97
9525.0,66.7,102.36,7796.97
9550.0,67.05,103.05,7806.78
9575.0,67.06,103.89,7816.53
9600.0,66.91,104.58,7826.3
9625.0,67.18,104.66,7836.05
9650.0,66.34,104.5,7845.92
9675.0,64.43,104.51,7856.33
9700.0,64.34,104.42,7867.14
9725.0,64.36,104.41,7877.96
9750.0,64.57,104.24,7888.74
9775.0,65.6,103.44,7899.27
9800.0,66.22,102.9,7909.47
9825.0,66.54,102.64,7919.49
9850.0,66.27,102.53,7929.5
9875.0,66.4,102.35,7939.53
9900.0,66.63,102.61,7949.5
9925.0,67.16,102.62,7959.31
9950.0,67.03,102.45,7969.04
9975.0,67.29,102.55,7978.74
10000.0,67.15,102.71,7988.42
10025.0,66.74,102.64,7998.21
10050.0,66.27,102.67,8008.18
10075.0,66.32,102.31,8018.23
10100.0,66.19,101.72,8028.29
10125.0,66.92,101.69,8038.24
10150.0,66.97,101.68,8048.03
10175.0,66.45,101.2,8057.92
10200.0,66.0,101.05,8067.99
10225.0,65.46,100.56,8078.27
10250.0,64.76,100.36,8088.79
10275.0,64.5,99.98,8099.5
10300.0,64.14,100.05,8110.34
10325.0,63.6,100.1,8121.35
10350.0,64.38,100.13,8132.31
10375.0,64.42,99.9,8143.11
10400.0,64.85,99.61,8153.82
10417.0,64.36,102.52,8161.11
10512.0,63.47,102.65,8202.89
10607.0,63.06,105.22,8245.63
10617.1,63.23,105.04,8250.19
10638.95,63.61,104.66,8259.97
10703.0,64.72,103.54,8287.88
10798.0,65.03,103.34,8328.21
10862.0,64.9,102.17,8355.3
10947.0,64.9,102.17,8391.36
